Time,Ch1,Ch2,Ch3,Ch4,Ch5,Ch6,Ch7,Ch8,Fx,Fy,Fz,Mx,My,Mz,Extra 1,Extra 2
s,N,N,N,N,N,N,N,N,N,N,N,Nm,Nm,Nm,N,N
0,0.328064,-1.16828,-0.326647,-1.42212,-0.0662667,-0.579725,1.05046,-0.181362,-0.840214,-1.74877,0.223105,-0.0871176,0.0215509,-0.0531755,0,0
0.1,0.503322,-0.519344,-0.0858852,-0.317819,0.132316,-0.300162,0.241743,-0.218092,-0.0160217,-0.403704,-0.144196,-0.0110111,0.000820706,-0.0518453,0,0
0.2,0.855691,0.139182,1.49264,1.50572,0.3879,-0.242615,-0.133187,-0.025286,0.994873,2.99835,-0.013188,0.0174661,-0.0221525,-0.0415916,0,0
0.3,0.189536,-0.529371,0.293405,-0.420816,0.28098,-0.170571,0.844901,0.295258,-0.339835,-0.127411,1.25057,-0.0592106,0.00294277,-0.0199105,0,0
0.4,0.211116,0.615583,0.865609,-0.278473,0.391606,-0.210026,0.178964,0.0607082,0.826699,0.587136,0.421252,-0.00334031,-0.0145013,0.0575793,0,0
0.5,0.832258,-0.36305,0.38572,0.471279,0.375911,-0.248609,0.00316075,-0.210244,0.469208,0.856999,-0.0797817,0.0192272,-0.0123335,-0.071297,0,0
0.6,-0.109645,-0.143542,0.249917,0.105286,0.11989,-0.0011989,0.166103,0.172206,-0.253187,0.355203,0.457001,-0.012628,-0.00381579,0.00238991,0,0
0.7,-0.210462,9.73881,12.225,4.3845,1.66223,-0.976127,2.78418,5.69523,9.52835,16.6095,9.16552,-0.448116,-0.166482,0.807299,0,0
0.8,-0.22049,15.1476,19.8104,4.72565,2.79835,-2.26048,5.95997,9.28214,14.9271,24.536,15.78,-0.845494,-0.25143,1.33621,0,0
0.9,0.245884,16.0986,20.127,5.66635,2.74789,-2.67912,6.26777,10.5295,16.3445,25.7933,16.8661,-0.961891,-0.290664,1.34535,0,0
1,0.387355,17.916,22.0929,6.85708,3.06451,-3.14941,5.56706,10.9341,18.3034,28.95,16.4163,-0.9537,-0.34743,1.46497,0,0
1.1,-0.106703,17.9521,26.5181,9.00454,3.26396,-2.47225,6.36924,10.8461,17.8454,35.5227,18.007,-0.944356,-0.306391,1.56379,0,0
1.2,0.456892,17.1161,24.2396,7.80291,2.91301,-2.41056,7.0488,11.3867,17.573,32.0425,18.9379,-1.03115,-0.289843,1.451,0,0
1.3,0.360107,14.8043,23.3708,10.6696,2.84053,-1.72283,5.62297,10.191,15.1644,34.0404,16.9317,-0.845036,-0.273942,1.21158,0,0
1.4,-0.496347,18.8365,23.3918,4.3299,3.21034,-2.69296,5.81589,10.1238,18.3402,27.7217,16.457,-0.886781,-0.306335,1.6835,0,0
1.5,-0.0531878,20.7319,26.2047,8.95462,3.69404,-2.31923,4.90145,11.0669,20.6787,35.1593,17.3431,-0.839127,-0.365361,1.71264,0,0
1.6,0.158146,17.9035,22.5037,7.05327,2.98952,-2.20261,4.55311,9.70492,18.0616,29.5569,15.0449,-0.774589,-0.310318,1.48387,0,0
1.7,0.652967,13.1514,19.0495,6.38319,2.3031,-2.03825,6.52204,9.60846,13.8044,25.4327,16.3954,-0.912275,-0.222833,1.09865,0,0
1.8,0.388227,17.1358,21.6139,6.92804,2.9177,-2.16043,4.64815,9.38895,17.5241,28.5419,14.7944,-0.76359,-0.294568,1.40356,0,0
1.9,0.219727,17.5241,20.6597,4.98101,2.85819,-2.45732,5.18178,10.1825,17.7438,25.6408,15.7652,-0.860397,-0.309487,1.46536,0,0
2,0.73907,20.4335,23.1037,6.41785,3.19094,-2.64936,4.84259,11.2532,21.1726,29.5215,16.6374,-0.89437,-0.367529,1.633,0,0
2.1,-0.37384,16.0922,21.2523,6.12651,2.76151,-2.37939,5.49284,9.98306,15.7184,27.3788,15.858,-0.867892,-0.288934,1.40057,0,0
2.2,0.375584,17.4044,20.9354,5.39278,2.63563,-2.71846,5.68728,10.219,17.78,26.3282,15.8235,-0.919376,-0.296575,1.44543,0,0
2.3,0.0742231,14.9024,20.512,5.94482,2.58702,-2.12446,6.46362,10.0672,14.9766,26.4568,16.9934,-0.923925,-0.249452,1.28963,0,0
2.4,0.464521,18.7297,22.4174,7.21054,3.17383,-2.38538,4.84249,10.6858,19.1942,29.628,16.3168,-0.847543,-0.342077,1.50646,0,0
2.5,-0.131553,17.5423,21.1108,5.96379,2.87803,-1.90441,4.20053,9.23615,17.4107,27.0745,14.4103,-0.716626,-0.294542,1.47065,0,0
2.6,-0.294168,16.7274,20.5103,4.06952,2.6959,-2.80587,5.68542,9.64279,16.4333,24.5798,15.2182,-0.887696,-0.283774,1.47197,0,0
2.7,-0.958361,19.0664,19.8451,1.84184,2.87268,-2.91094,4.95965,10.4561,18.108,21.687,15.3775,-0.888605,-0.338402,1.69152,0,0
2.8,-0.484249,18.3311,22.1044,4.26963,2.79258,-3.01361,5.60673,10.4737,17.8469,26.3741,15.8594,-0.937337,-0.320196,1.61693,0,0
2.9,-0.122288,20.8117,19.9017,1.41798,2.74985,-3.66276,6.32847,12.0973,20.6894,21.3197,17.5128,-1.11197,-0.365443,1.75822,0,0
3,-0.376129,16.8573,21.338,6.34776,2.96347,-1.97667,4.67562,9.33762,16.4811,27.6858,15,-0.74902,-0.288064,1.44063,0,0
3.1,-0.0875201,19.9218,21.8148,4.91464,3.01644,-2.70713,5.0924,11.1326,19.8342,26.7295,16.5343,-0.915152,-0.352913,1.65754,0,0
3.2,-0.126975,20.5029,20.9181,2.2813,2.80239,-3.33579,5.8476,11.536,20.3759,23.1994,16.8502,-1.03023,-0.354796,1.74532,0,0
3.3,0.51542,20.5376,21.721,3.74037,3.12794,-3.40652,5.26417,11.1911,21.053,25.4614,16.1767,-0.962198,-0.373843,1.69069,0,0
3.4,-0.598145,19.7621,22.3499,3.34189,2.90898,-3.28118,7.08248,11.9187,19.1639,25.6918,18.629,-1.11397,-0.330793,1.74095,0,0
3.5,1.60653,16.2623,19.9523,7.86874,2.6741,-2.42004,5.24728,10.4791,17.8688,27.821,15.9804,-0.889657,-0.309778,1.20521,0,0
3.6,1.01722,19.5907,19.2714,3.61099,2.82669,-3.14069,5.82232,11.7597,20.6079,22.8824,17.268,-1.02902,-0.357144,1.53779,0,0
3.7,-0.111498,16.9403,22.8197,4.72641,2.65459,-3.03497,6.69588,9.91309,16.8288,27.5461,16.2286,-0.976888,-0.267203,1.52328,0,0
3.8,0.942884,19.3158,21.0927,6.00488,3.08707,-2.24391,4.47072,10.7334,20.2587,27.0975,16.0472,-0.825753,-0.347809,1.50907,0,0
3.9,0.753457,16.398,21.8085,7.38874,2.69743,-2.34778,5.33643,10.0733,17.1514,29.1973,15.7594,-0.865956,-0.293462,1.33215,0,0
4,0.497981,17.7051,20.593,5.76117,2.63181,-2.49329,5.06777,10.304,18.2031,26.3542,15.5103,-0.875914,-0.310841,1.43437,0,0
4.1,-0.381252,15.2121,18.3204,2.63083,2.51083,-2.75443,6.03256,9.61489,14.8309,20.9512,15.4039,-0.913735,-0.265428,1.36731,0,0
4.2,1.46419,17.8215,19.8627,7.01991,2.86353,-2.17612,4.97535,10.898,19.2857,26.8826,16.5608,-0.873194,-0.32887,1.32583,0,0
4.3,0.864955,19.2286,20.9724,6.33915,3.05089,-2.77721,4.87595,11.3085,20.0935,27.3116,16.4581,-0.91487,-0.36782,1.49491,0,0
4.4,-0.336565,19.4213,23.0949,4.84368,2.85873,-2.85132,5.68564,10.8843,19.0847,27.9386,16.5774,-0.952346,-0.327262,1.68361,0,0
4.5,-0.146593,16.3207,21.8248,3.68489,2.23639,-3.2317,7.76934,10.5887,16.1741,25.5096,17.3628,-1.11282,-0.248625,1.49106,0,0
4.6,0.508336,15.832,19.2,5.42733,2.77307,-2.07912,5.50417,10.1197,16.3403,24.6274,16.3179,-0.858473,-0.284033,1.29429,0,0
4.7,1.2013,19.8181,21.0322,5.44935,3.04936,-2.83203,5.04194,11.3571,21.0194,26.4815,16.6164,-0.930449,-0.365897,1.53795,0,0
4.8,0.0196184,19.0877,21.6066,4.93567,3.08304,-2.27727,5.09796,10.1445,19.1073,26.5422,16.0482,-0.830108,-0.312205,1.59654,0,0
4.9,0.134495,16.6489,20.9611,6.51997,2.60184,-2.35149,4.76619,9.76094,16.7834,27.4811,14.7775,-0.820915,-0.298442,1.38281,0,0
5,0.524684,18.1766,21.1541,6.11071,2.98658,-2.234,4.62461,10.2154,18.7013,27.2648,15.5926,-0.810029,-0.324342,1.46629,0,0
5.1,0.234767,17.2926,18.7111,3.43999,2.70244,-2.69786,5.44401,10.4062,17.5273,22.1511,15.8548,-0.911122,-0.310874,1.43896,0,0
5.2,0.733076,17.0041,18.1139,3.02538,2.28522,-3.28565,5.3978,10.2104,17.7371,21.1393,14.6078,-0.954997,-0.311505,1.38824,0,0
5.3,0.251007,15.504,18.7027,5.23747,2.59737,-2.2801,3.98854,8.62776,15.755,23.9402,12.9336,-0.707194,-0.285501,1.28101,0,0
5.4,0.545393,15.7987,17.1732,3.0777,2.42419,-2.83094,5.67627,10.0114,16.3441,20.2509,15.2809,-0.925429,-0.287708,1.29993,0,0
5.5,-0.537763,17.8798,18.7232,2.21906,2.77699,-2.4898,4.55682,9.54176,17.342,20.9423,14.3858,-0.794155,-0.307552,1.55413,0,0
5.6,1.1346,15.4162,20.024,7.33893,2.50517,-2.05383,4.30472,8.83059,16.5508,27.3629,13.5866,-0.729329,-0.272546,1.20174,0,0
5.7,-0.52512,16.9795,20.5188,4.53153,2.76239,-2.49917,5.99267,10.4091,16.4544,25.0504,16.665,-0.927968,-0.29034,1.48614,0,0
5.8,-0.367519,19.7589,20.9477,2.57078,3.16554,-2.71824,4.3166,9.72018,19.3914,23.5185,14.4841,-0.781395,-0.338621,1.70858,0,0
5.9,0.199781,15.6174,20.6024,6.55169,2.59792,-2.3104,5.23911,9.67941,15.8172,27.1541,15.206,-0.841282,-0.280459,1.30803,0,0
6,-0.879778,17.5423,21.0629,3.93077,2.53056,-3.11465,6.98504,11.1133,16.6625,24.9937,17.5143,-1.07424,-0.293204,1.57323,0,0
6.1,0.375584,14.2287,20.4753,7.40062,2.01841,-2.23073,6.88204,10.5474,14.6043,27.876,17.2171,-1.0144,-0.237435,1.1888,0,0
6.2,0.00196184,16.2453,20.5832,4.64706,2.54702,-2.44729,5.90809,9.70753,16.2472,25.2303,15.7154,-0.892164,-0.263812,1.41208,0,0
6.3,-0.586046,16.714,21.6583,4.83202,2.51083,-2.50702,6.7652,10.5871,16.128,26.4903,17.3561,-0.997538,-0.265192,1.49954,0,0
6.4,-0.704302,15.8561,18.8349,2.9432,2.30244,-2.32293,5.28434,8.8065,15.1518,21.7781,14.0703,-0.811401,-0.244426,1.42897,0,0
6.5,0.227683,17.6701,18.9297,3.49023,2.81361,-2.7201,4.68151,9.76639,17.8978,22.42,14.5414,-0.825377,-0.318558,1.46612,0,0
6.6,0.0394549,17.66,19.6035,3.19116,2.89982,-3.01644,6.02341,10.8299,17.6994,22.7947,16.7367,-0.975772,-0.321684,1.50555,0,0
6.7,0.712694,18.7575,22.0499,7.22536,3.05917,-2.62342,4.97251,11.0142,19.4702,29.2753,16.4225,-0.894182,-0.351729,1.48231,0,0
6.8,-0.539289,21.5197,21.1539,2.72642,3.13089,-3.09568,4.67551,10.9743,20.9804,23.8803,15.6851,-0.897842,-0.375762,1.82122,0,0
6.9,0.075422,18.3605,20.2143,4.41012,2.98854,-2.71236,5.69632,10.9274,18.4359,24.6244,16.8999,-0.939981,-0.327958,1.52552,0,0
7,-0.476292,20.2167,22.1076,4.32489,3.05296,-2.56042,4.96772,10.9886,19.7404,26.4325,16.4489,-0.889169,-0.349028,1.72333,0,0
7.1,-0.898961,19.5719,23.2225,3.14778,3.12467,-3.24195,6.32913,11.0112,18.6729,26.3702,17.223,-1.00381,-0.33146,1.77931,0,0
7.2,0.946699,18.1523,18.1635,3.31639,2.55781,-3.34778,5.22733,10.7799,19.099,21.4799,15.2173,-0.965839,-0.343745,1.43474,0,0
7.3,-0.169591,16.9672,16.3819,0.577109,2.29329,-3.35475,5.79943,10.3196,16.7976,16.9591,15.0576,-0.98788,-0.305047,1.45951,0,0
7.4,-0.45166,17.3562,16.9953,1.65133,2.91214,-3.01176,5.49153,10.7145,16.9046,18.6467,16.1064,-0.937575,-0.334406,1.48427,0,0
7.5,0.880105,16.8392,17.547,3.70669,2.24631,-2.71378,5.20902,10.084,17.7193,21.2536,14.8255,-0.906227,-0.295052,1.33285,0,0
7.6,-0.382778,17.2319,21.4595,5.1493,2.68021,-2.18375,4.87671,9.31124,16.8491,26.6088,14.6844,-0.787261,-0.278955,1.50215,0,0
7.7,-0.545611,17.146,19.2738,2.81383,2.48958,-2.96936,5.5579,10.1101,16.6004,22.0876,15.1883,-0.9285,-0.300335,1.51107,0,0
7.8,0.324358,17.3974,17.3173,2.81884,2.67563,-2.45536,5.29611,10.752,17.7218,20.1362,16.2684,-0.9101,-0.317606,1.41665,0,0
7.9,0.24959,16.2879,20.2604,5.36423,2.6801,-2.59236,5.37502,9.81881,16.5375,25.6246,15.2816,-0.8686,-0.291488,1.36909,0,0
8,-0.565774,18.6771,20.0327,2.85928,2.60784,-2.89165,3.83442,8.84672,18.1113,22.892,12.3973,-0.745485,-0.315353,1.62167,0,0
8.1,0.741795,18.0845,18.462,3.69306,2.54822,-3.11465,5.40543,11.0295,18.8263,22.1551,15.8685,-0.977577,-0.338608,1.44027,0,0
8.2,-0.152588,19.0069,19.8429,3.14789,2.87519,-2.41983,4.67137,9.91298,18.8543,22.9907,15.0397,-0.812417,-0.316099,1.60252,0,0
8.3,-0.626155,16.8857,18.6455,2.40511,2.52402,-2.71835,5.02145,9.31898,16.2595,21.0506,14.1461,-0.835749,-0.286197,1.49414,0,0
8.4,0.152261,18.5262,18.8404,3.15432,2.74375,-2.93219,4.60587,10.5694,18.6785,21.9947,14.9869,-0.883416,-0.349185,1.52708,0,0
8.5,-0.639779,18.2847,18.9563,1.98822,2.64773,-2.85819,6.31191,11.2086,17.6449,20.9445,17.31,-1.01953,-0.312077,1.5972,0,0
8.6,-0.473458,18.3697,20.9637,4.02756,2.81743,-2.71966,5.74744,11.032,17.8963,24.9913,16.8772,-0.959196,-0.324649,1.59157,0,0
8.7,0.763484,18.1858,18.3637,3.39345,2.47814,-2.87759,5.4536,10.9351,18.9492,21.7572,15.9892,-0.965319,-0.325117,1.45089,0,0
8.8,-0.124468,18.7095,23.1843,6.00804,3.12108,-1.84359,5.32085,10.7041,18.585,29.1924,17.3025,-0.847982,-0.310439,1.59824,0,0
8.9,0.406429,20.4341,19.114,2.12838,2.8438,-3.462,5.68793,11.8624,20.8406,21.2424,16.9321,-1.04469,-0.374408,1.66116,0,0
9,0.879451,17.7902,19.8688,4.64107,2.40064,-3.35988,6.57567,11.6724,18.6697,24.5099,17.2889,-1.10442,-0.325718,1.4292,0,0
9.1,-0.504521,18.7353,21.857,3.18876,2.52838,-3.35181,6.28193,10.6303,18.2308,25.0458,16.0888,-1.0198,-0.306855,1.66634,0,0
9.2,1.82506,17.2104,17.712,4.42341,2.46964,-3.08892,5.51049,10.7605,19.0354,22.1354,15.6517,-0.971191,-0.324257,1.28331,0,0
9.3,0.248282,17.9934,20.0381,4.59878,2.96544,-2.43672,4.24292,9.80552,18.2417,24.6368,14.5772,-0.777384,-0.328942,1.48352,0,0
9.4,-0.772531,19.1587,20.1963,1.48206,2.92489,-3.23781,5.69523,10.7784,18.3862,21.6784,16.1607,-0.965225,-0.337375,1.70747,0,0
9.5,0.213732,15.7648,20.9772,7.3798,2.48282,-2.26342,5.9676,10.8214,15.9786,28.357,17.0084,-0.952754,-0.288002,1.30211,0,0
9.6,-0.752803,18.7865,20.1106,2.22342,2.86516,-2.70636,4.9166,9.93118,18.0337,22.3341,15.0066,-0.844616,-0.317583,1.66013,0,0
9.7,-0.583213,19.5009,20.0392,1.72272,2.66462,-3.25241,5.98755,11.311,18.9177,21.7619,16.7108,-1.02847,-0.337215,1.70433,0,0
9.8,-0.137874,16.3814,17.1235,1.64195,2.37492,-2.92184,6.0148,10.4774,16.2435,18.7655,15.9453,-0.979752,-0.292782,1.41431,0,0
9.9,0.571333,19.2887,18.4195,1.6958,2.97993,-3.26658,5.76106,11.4316,19.8601,20.1153,16.906,-1.00506,-0.35751,1.57796,0,0
10,-0.546265,18.2441,20.6753,2.2013,2.61514,-2.99944,6.2052,10.3262,17.6978,22.8766,16.1471,-0.972651,-0.292066,1.63466,0,0
10.1,-0.694493,18.0797,19.2956,1.29645,2.49405,-3.2789,6.25011,10.4841,17.3852,20.5921,15.9494,-1.00735,-0.300208,1.61949,0,0
10.2,0.648499,17.9768,19.1959,4.6245,3.19105,-2.21122,4.30865,10.0512,18.6253,23.8204,15.3397,-0.76935,-0.334344,1.43352,0,0
10.3,-0.569589,20.6181,20.0093,1.64675,2.8668,-3.51475,5.41469,11.4949,20.0485,21.656,16.2616,-1.00956,-0.373852,1.76917,0,0
10.4,-2.06015,16.8934,19.9646,1.01798,2.5068,-2.89339,6.26242,9.60454,14.8333,20.9826,15.4804,-0.934579,-0.262269,1.65823,0,0
10.5,-1.10855,17.647,20.3268,2.31301,2.31814,-3.1589,5.83954,9.792,16.5385,22.6398,14.7908,-0.947157,-0.282885,1.61886,0,0
10.6,-0.344195,15.4865,16.8806,1.92588,2.30103,-2.92162,5.84259,9.62568,15.1423,18.8065,14.8477,-0.92511,-0.270172,1.3589,0,0
10.7,0.415257,17.0217,20.8035,6.36673,2.57448,-2.54985,4.65698,9.77304,17.437,27.1702,14.4547,-0.82831,-0.307212,1.38798,0,0
10.8,0.282288,17.7701,17.5254,2.94015,2.82015,-3.0341,5.10396,10.6541,18.0523,20.4655,15.5441,-0.918392,-0.342133,1.4431,0,0
10.9,0.87204,16.1536,16.1252,4.1626,2.56675,-2.31607,4.11922,9.89761,17.0256,20.2878,14.2675,-0.791554,-0.319836,1.23757,0,0
11,-0.278037,16.8192,21.2874,5.67071,2.56827,-1.90953,5.32216,9.62415,16.5412,26.9581,15.6051,-0.821535,-0.263394,1.45159,0,0
11.1,0.0875201,16.41,18.5685,3.51693,2.52511,-2.61154,5.86297,10.4684,16.4975,22.0855,16.2449,-0.944024,-0.292262,1.39009,0,0
11.2,0.398799,18.9635,20.9584,5.81109,3.22702,-2.34778,4.04979,10.0661,19.3623,26.7695,14.9951,-0.761109,-0.347734,1.52189,0,0
11.3,0.889587,16.8555,16.8166,3.02059,2.57906,-2.5868,6.19322,11.1269,17.7451,19.8372,17.3124,-0.996353,-0.302987,1.33192,0,0
11.4,0.864192,15.3428,20.6421,8.204,2.35258,-2.18135,5.63038,10.2978,16.207,28.8461,16.0994,-0.906027,-0.276041,1.20566,0,0
11.5,0.810569,17.0367,20.5708,6.67823,2.7965,-2.74059,5.42603,10.6197,17.8472,27.249,16.1016,-0.919413,-0.321922,1.34978,0,0
11.6,-0.000762939,18.4786,17.4371,0.0676836,2.48021,-3.34364,6.33763,11.1737,18.4778,17.5048,16.6479,-1.05655,-0.319797,1.58365,0,0
11.7,-0.0384739,19.8056,21.1877,2.86309,2.86713,-3.28816,6.75823,12.3416,19.7671,24.0508,18.6788,-1.12245,-0.352161,1.69077,0,0
11.8,0.495584,20.5369,20.6498,3.99017,3.20827,-2.84326,3.05448,9.67549,21.0325,24.64,13.095,-0.710985,-0.380176,1.65217,0,0
11.9,-0.0409807,17.6127,19.43,3.31944,2.72685,-3.50789,6.19049,11.1916,17.5717,22.7494,16.601,-1.04438,-0.337074,1.4984,0,0
12,-0.881522,17.5589,22.3334,4.64303,2.78843,-2.92565,7.05904,11.2532,16.6774,26.9764,18.1751,-1.06085,-0.297249,1.59104,0,0
12.1,-0.589098,17.6909,18.6712,2.58222,2.69764,-2.81993,6.08913,11.1392,17.1018,21.2534,17.1061,-0.997663,-0.317031,1.53377,0,0
12.2,0.690896,18.5007,21.6673,6.84302,2.69972,-2.88053,6.93174,12.5901,19.1916,28.5103,19.3411,-1.1329,-0.337159,1.46879,0,0
12.3,0.954873,18.554,20.3435,5.04739,2.6026,-3.16151,6.54264,12.1666,19.5089,25.3908,18.1503,-1.10792,-0.341642,1.47083,0,0
12.4,-0.773839,18.5497,19.6532,2.36239,2.62517,-2.72522,5.41622,10.6883,17.7758,22.0156,16.0045,-0.931765,-0.318675,1.62983,0,0
12.5,0.282179,17.0559,21.3676,7.44716,2.89775,-1.95694,4.30036,9.89402,17.3381,28.8148,15.1352,-0.76208,-0.31345,1.38211,0,0
12.6,0.177329,18.1958,18.0456,2.45874,2.49743,-2.85721,5.85011,10.9506,18.3731,20.5043,16.4409,-0.986727,-0.313653,1.50367,0,0
12.7,-0.485992,18.8349,19.7798,2.99944,2.81067,-2.63912,3.79257,9.28606,18.3489,22.7792,13.2502,-0.742157,-0.328298,1.61436,0,0
12.8,-0.192588,15.7683,17.6393,2.69154,2.5141,-2.46386,4.6681,8.65544,15.5757,20.3308,13.3738,-0.763214,-0.268959,1.36618,0,0
12.9,0.0349862,17.041,20.5557,4.82603,2.63443,-2.27465,6.51572,11.0713,17.076,25.3817,17.9468,-0.990569,-0.283941,1.44974,0,0
13,0.386592,19.351,19.7206,3.82941,2.77274,-2.82702,4.63562,10.8107,19.7376,23.55,15.3921,-0.891287,-0.353246,1.56719,0,0
13.1,0.415148,18.2622,18.6286,3.89666,2.83683,-2.46931,4.61491,10.7707,18.6773,22.5252,15.7532,-0.863543,-0.343859,1.46816,0,0
13.2,-0.3879,19.5027,18.8054,1.7492,2.74244,-3.04533,4.48663,10.1675,19.1148,20.5546,14.3512,-0.860027,-0.344058,1.65539,0,0
13.3,0.522831,16.7273,18.9496,4.69448,2.81786,-2.80119,5.64041,10.8825,17.2502,23.644,16.5395,-0.949106,-0.325833,1.35941,0,0
13.4,0.167847,16.4108,18.3254,4.00739,2.23988,-2.33307,5.75932,10.6386,16.5787,22.3328,16.3048,-0.948241,-0.283568,1.36351,0,0
13.5,-0.0429426,15.4148,19.1021,4.46548,2.0171,-2.80827,6.39866,10.6914,15.3718,23.5676,16.2989,-1.02817,-0.273543,1.32792,0,0
13.6,-0.822776,21.5831,23.385,4.99954,3.65437,-2.87323,3.71355,10.5353,20.7603,28.3845,15.03,-0.774395,-0.400481,1.8399,0,0
13.7,-1.12762,18.7405,21.1816,1.87007,2.68555,-3.01437,6.7712,11.1012,17.6129,23.0517,17.5436,-1.04657,-0.300898,1.72176,0,0
13.8,-0.0816345,20.2056,21.331,4.03628,2.99399,-2.28751,3.57666,9.18405,20.1239,25.3673,13.4672,-0.693118,-0.326667,1.68536,0,0
13.9,0.33929,15.9846,17.2462,3.02505,2.29242,-2.79988,5.54929,9.94797,16.3239,20.2713,14.9898,-0.920272,-0.284729,1.32624,0,0
14,-0.324467,17.7141,16.5743,-0.337982,2.78942,-3.2717,5.67093,10.5665,17.3897,16.2363,15.7551,-0.961383,-0.3287,1.54459,0,0
14.1,-0.0536237,20.6153,19.3011,1.47062,2.95737,-2.85034,5.29502,11.2988,20.5617,20.7717,16.7009,-0.947991,-0.354345,1.72338,0,0
14.2,-0.606101,17.9859,18.1947,0.317383,2.34789,-3.68151,6.58504,11.0975,17.3798,18.5121,16.3489,-1.09343,-0.316256,1.60536,0,0
14.3,-0.429753,18.5841,18.4811,1.32926,2.56882,-2.78887,5.86537,10.7379,18.1544,19.8104,16.3833,-0.967343,-0.306908,1.60785,0,0
14.4,0.18474,18.5492,18.1574,2.78179,2.60391,-3.14135,5.39104,11.2922,18.734,20.9392,16.1458,-0.990187,-0.349391,1.51723,0,0
14.5,0.18267,19.0725,19.2715,3.40554,3.14396,-2.98931,5.89327,11.9579,19.2552,22.6771,18.0058,-1.01755,-0.365936,1.56214,0,0
14.6,-0.100381,18.546,19.5575,3.85775,3.0886,-2.81339,5.98668,11.6819,18.4456,23.4153,17.9438,-1.00012,-0.347917,1.54316,0,0
14.7,0.107683,21.0888,23.2202,6.0973,3.18811,-3.11192,4.64935,11.3844,21.1965,29.3175,16.1099,-0.917558,-0.391051,1.7201,0,0
14.8,-0.239999,20.9334,19.2577,1.44468,3.04751,-3.64064,5.53992,11.7645,20.6934,20.7024,16.7113,-1.02911,-0.387383,1.75186,0,0
14.9,-1.39814,16.8188,20.4209,4.18941,2.79999,-2.78756,5.8209,10.2721,15.4206,24.6104,16.1054,-0.924634,-0.301163,1.53442,0,0
15,0.119999,18.4204,19.4351,3.96293,2.93339,-2.53361,5.14363,10.84,18.5404,23.398,16.3834,-0.896069,-0.3349,1.51644,0,0
15.1,0.39662,16.7989,20.1815,6.22025,2.51814,-2.30713,5.7312,10.2919,17.1956,26.4017,16.2342,-0.909198,-0.28158,1.36197,0,0
15.2,0.123269,18.3553,20.3037,5.63638,2.87999,-2.59574,4.31649,10.4219,18.4786,25.9401,15.0226,-0.831111,-0.347433,1.48836,0,0
15.3,-0.719343,18.6014,17.411,-0.478581,2.50538,-3.50483,6.29425,11.1366,17.8821,16.9325,16.4314,-1.05974,-0.325578,1.64763,0,0
15.4,1.25482,17.395,19.8971,7.03659,2.68021,-2.47694,5.02941,10.8141,18.6498,26.9337,16.0468,-0.899315,-0.328256,1.31388,0,0
15.5,0.843484,20.9938,22.6685,5.92793,3.31443,-3.15715,6.49142,13.2556,21.8373,28.5964,19.9043,-1.12641,-0.397074,1.66086,0,0
15.6,-0.987353,18.657,20.4027,1.59596,2.55236,-3.21426,6.78068,11.4313,17.6697,21.9987,17.5501,-1.08525,-0.312519,1.69376,0,0
15.7,-0.0360761,19.8226,20.7666,3.90407,2.81143,-3.21492,5.59834,11.7312,19.7865,24.6706,16.926,-1.01965,-0.364776,1.64775,0,0
15.8,0.249154,17.6787,20.2116,5.01731,2.78309,-2.66299,5.79747,10.9309,17.9279,25.2289,16.8484,-0.954972,-0.317384,1.45803,0,0
15.9,-0.889151,21.0628,21.1112,1.96272,2.57808,-3.6753,6.46068,11.8692,20.1736,23.0739,17.2326,-1.11706,-0.349856,1.83669,0,0
16,-0.117057,18.9932,19.1568,3.18298,2.52457,-2.54854,4.22091,10.1159,18.8761,22.3397,14.3129,-0.825747,-0.329044,1.57805,0,0
16.1,0.475856,17.709,19.2861,4.90428,2.71705,-2.79138,5.26417,11.0139,18.1849,24.1904,16.2037,-0.940263,-0.337745,1.42236,0,0
16.2,0.276729,14.8279,18.0038,5.88978,2.57874,-1.8728,4.18723,9.04792,15.1047,23.8936,13.9411,-0.72043,-0.279367,1.20012,0,0
16.3,-0.130572,15.744,17.2315,3.34691,2.4207,-2.49448,4.04456,8.82568,15.6134,20.5784,12.7965,-0.744282,-0.290889,1.32933,0,0
16.4,0.181798,15.7786,19.5001,4.07061,2.17634,-2.75628,7.4367,10.9579,15.9604,23.5707,17.8146,-1.09104,-0.253614,1.3597,0,0
16.5,-0.668771,17.6503,18.9083,2.40261,2.69481,-2.84217,5.97087,10.7418,16.9815,21.3109,16.5653,-0.969449,-0.309236,1.54851,0,0
16.6,0.498853,17.3702,19.8248,5.17709,2.62408,-2.371,5.1542,10.5324,17.869,25.0019,15.9397,-0.887426,-0.311198,1.40953,0,0
16.7,-0.241416,21.0778,22.7705,4.35682,3.2705,-2.7504,4.58505,10.8531,20.8364,27.1273,15.9583,-0.85779,-0.36867,1.77827,0,0
16.8,0.172533,17.9861,17.7738,0.901249,2.4583,-3.52456,6.60444,11.2559,18.1586,18.675,16.794,-1.08828,-0.319029,1.53045,0,0
16.9,1.87334,19.1011,15.7457,2.83704,2.56391,-3.08031,4.95235,11.6467,20.9744,18.5827,16.0827,-0.984139,-0.370158,1.37785,0,0
17,-0.383759,15.4075,20.1135,4.71573,1.98931,-3.12293,6.82002,10.3562,15.0237,24.8292,16.0427,-1.05282,-0.259454,1.36993,0,0
17.1,1.06343,15.3954,17.1143,4.54047,1.95825,-2.9092,5.23257,10.0396,16.4588,21.6547,14.3212,-0.932831,-0.290235,1.2013,0,0
17.2,-0.216021,20.9627,22.372,6.10079,3.50941,-2.86495,4.78526,11.7621,20.7467,28.4728,17.1919,-0.914418,-0.400537,1.70592,0,0
17.3,0.462777,14.3671,20.5726,7.83626,2.37961,-2.46865,5.68205,9.64039,14.8299,28.4088,15.2334,-0.88616,-0.264198,1.18159,0,0
17.4,0.737544,18.8648,16.995,2.27945,2.49732,-3.09405,5.16499,11.6508,19.6023,19.2745,16.2191,-1.00122,-0.362317,1.48378,0,0
17.5,-1.80719,17.4517,18.463,-1.15117,2.16773,-3.19105,7.00204,10.2245,15.6445,17.3119,16.2032,-1.04937,-0.257436,1.69581,0,0
17.6,-0.933838,18.4567,19.7238,1.80849,2.52348,-3.17034,5.68063,10.2668,17.5229,21.5323,15.3005,-0.95417,-0.308399,1.65242,0,0
17.7,-0.417655,17.1392,23.6984,7.05065,2.60457,-2.67378,6.70983,11.0176,16.7216,30.7491,17.6582,-1.02331,-0.287584,1.50895,0,0
17.8,0.120762,19.6191,21.1655,4.21055,2.96413,-3.02931,5.55365,11.1756,19.7399,25.376,16.6641,-0.965682,-0.348463,1.6298,0,0
17.9,0.0788007,18.127,20.9536,5.36554,2.73339,-2.52882,3.92064,9.30612,18.2058,26.3191,13.4313,-0.748775,-0.319431,1.50541,0,0
18,0.443704,18.7999,16.9316,1.67443,2.908,-2.54996,4.86548,10.9335,19.2436,18.606,16.157,-0.887853,-0.345778,1.5132,0,0
18.1,-0.94005,19.2107,18.6865,0.329917,2.57459,-3.60042,5.58167,10.706,18.2707,19.0164,15.2618,-0.995526,-0.338981,1.70936,0,0
18.2,-1.03498,15.7321,21.3993,4.88401,2.62822,-2.37994,6.04117,9.34939,14.6972,26.2833,15.6388,-0.870681,-0.249491,1.45957,0,0
18.3,0.374385,18.1831,19.5565,4.61121,2.868,-2.54844,4.90189,10.5852,18.5575,24.1677,15.8067,-0.872135,-0.332994,1.47236,0,0
18.4,0.38572,15.2771,17.9634,5.22287,2.87672,-2.51541,5.60662,10.2619,15.6628,23.1863,16.2298,-0.891663,-0.301421,1.23847,0,0
18.5,0.43978,17.4385,16.9139,1.48185,2.43094,-2.89132,4.76227,9.6587,17.8783,18.3958,13.9606,-0.855678,-0.306561,1.44039,0,0
18.6,-0.0781468,18.1258,22.5292,7.27168,2.78179,-2.68119,4.75366,10.1508,18.0477,29.8008,15.0051,-0.851222,-0.325803,1.50445,0,0
18.7,-0.190081,17.5128,22.3417,6.45959,2.38724,-2.79574,5.68793,10.1542,17.3228,28.8013,15.4336,-0.93441,-0.289477,1.49438,0,0
18.8,0.559562,19.9093,21.0613,5.22766,3.02778,-2.80566,5.93589,12.0463,20.4689,26.2889,18.2043,-1.0212,-0.358315,1.58762,0,0
18.9,0.964464,18.2658,18.2297,4.26004,2.72075,-2.83944,5.9894,12.0605,19.2302,22.4897,17.9313,-1.0447,-0.34894,1.41391,0,0
19,-1.07356,18.1907,20.2796,2.1783,2.27639,-2.74549,7.06253,10.9641,17.1171,22.4579,17.5575,-1.0635,-0.267703,1.65073,0,0
19.1,-1.60806,17.7011,18.2457,-0.0202724,2.41732,-3.07345,4.84412,9.20443,16.093,18.2254,13.3924,-0.845519,-0.295532,1.65825,0,0
19.2,0.33929,15.664,18.3124,6.15322,2.59901,-2.08184,3.8171,9.17882,16.0033,24.4656,13.5131,-0.717528,-0.301277,1.24595,0,0
19.3,0.206648,20.099,18.8926,2.64348,2.94996,-3.05067,4.84913,11.1808,20.3056,21.536,15.9292,-0.92751,-0.369968,1.63128,0,0
19.4,0.0974383,16.4385,20.7973,7.31561,3.00129,-2.01329,6.17643,11.2633,16.5359,28.1129,18.4277,-0.945973,-0.303043,1.34406,0,0
19.5,-0.0738961,18.2574,18.9899,1.72076,2.97819,-3.42734,5.74243,10.9266,18.1835,20.7106,16.2199,-0.984295,-0.347691,1.57212,0,0
19.6,-0.0813075,18.5779,18.3764,1.94768,2.73514,-3.31127,5.44564,11.01,18.4966,20.3241,15.8795,-0.979326,-0.348322,1.56577,0,0
19.7,-0.273677,13.8163,17.5516,4.7808,2.46931,-2.29296,5.36946,9.34492,13.5426,22.3324,14.8907,-0.835937,-0.262132,1.1933,0,0
19.8,0.768171,19.1455,17.4898,1.83454,2.57645,-3.26287,5.27006,11.2532,19.9137,19.3244,15.8369,-0.98956,-0.354675,1.52636,0,0
19.9,-0.634003,14.3415,20.3392,4.17132,2.03225,-3.00729,7.95582,10.6456,13.7075,24.5105,17.6264,-1.12565,-0.23188,1.34613,0,0
20,0.0852312,17.9517,19.8439,4.72794,3.07247,-2.57176,5.72946,11.3764,18.037,24.5719,17.6066,-0.954797,-0.338735,1.4808,0,0
20.1,0.129155,16.8959,21.6823,6.1845,2.83966,-2.66211,6.26722,11.1024,17.0251,27.8668,17.5472,-0.988544,-0.310109,1.42902,0,0
20.2,0.470298,18.2664,19.0999,3.79987,2.92718,-2.6813,4.87475,10.4875,18.7367,22.8997,15.6081,-0.869189,-0.336636,1.48228,0,0
20.3,-0.352805,19.161,23.9759,8.0004,2.99824,-2.70582,4.31039,10.3582,18.8082,31.9763,14.961,-0.82663,-0.352556,1.60131,0,0
20.4,-0.833457,13.9417,18.2058,1.6631,1.79084,-3.12195,7.12215,9.41195,13.1083,19.8689,15.203,-1.02725,-0.216078,1.34585,0,0
20.5,0.568935,17.35,18.9116,3.70821,2.4631,-3.48282,6.59027,11.5898,17.9189,22.6198,17.1604,-1.10399,-0.328364,1.42101,0,0
20.6,0.238255,13.003,19.5336,6.7021,2.17569,-1.67542,5.21654,8.52825,13.2413,26.2357,14.2451,-0.76156,-0.214884,1.11892,0,0
20.7,0.27553,13.6947,17.9455,5.87245,2.38713,-1.7843,5.9761,10.3169,13.9702,23.818,16.8958,-0.902185,-0.255367,1.13379,0,0
20.8,-0.377655,14.8414,19.7431,6.11583,2.33808,-1.84283,4.77317,8.64759,14.4637,25.859,13.916,-0.743216,-0.24166,1.28391,0,0
20.9,-0.135585,18.5291,19.0833,3.40042,2.81645,-2.87214,5.30396,10.9619,18.3935,22.4837,16.2102,-0.93849,-0.340396,1.5437,0,0
21,1.10615,18.2974,20.5316,6.21022,2.76522,-2.56282,6.56531,12.2276,19.4035,26.7418,18.9953,-1.06896,-0.329711,1.41813,0,0
21.1,0.79204,19.8152,20.5162,3.75759,2.86778,-3.0607,5.92303,11.7365,20.6072,24.2738,17.4666,-1.02652,-0.352259,1.59659,0,0
21.2,-0.00730242,17.1431,18.843,3.94276,2.95519,-2.15465,4.53753,9.62949,17.1358,22.7857,14.9676,-0.768573,-0.306054,1.43316,0,0
21.3,-0.169482,13.843,17.7349,4.49066,2.6959,-1.91977,5.63354,9.28693,13.6735,22.2255,15.6966,-0.8133,-0.248072,1.20304,0,0
21.4,-0.497763,16.8469,18.6307,2.98353,2.71138,-2.73241,5.90788,10.271,16.3491,21.6142,16.1579,-0.931496,-0.294208,1.46673,0,0
21.5,0.161416,19.3403,21.5404,6.33163,3.02396,-2.56598,4.86134,11.0158,19.5017,27.872,16.3351,-0.886599,-0.352331,1.55905,0,0
21.6,-0.265939,20.0124,20.9267,5.16641,3.17426,-2.75519,5.34047,11.8352,19.7465,26.0931,17.5947,-0.963502,-0.372724,1.63882,0,0
21.7,0.200108,18.7877,21.1066,6.06897,3.21993,-2.12555,4.09807,10.3074,18.9878,27.1756,15.4999,-0.765389,-0.346645,1.51992,0,0
21.8,-0.899833,18.6941,20.1909,2.59389,2.76239,-3.13263,6.70994,11.3581,17.7943,22.7847,17.6978,-1.0602,-0.316295,1.65456,0,0
21.9,-0.211225,15.2592,17.7837,3.27465,2.38953,-2.26648,5.60837,9.4526,15.048,21.0583,15.184,-0.85893,-0.255007,1.32482,0,0
22,1.50255,17.7677,16.4053,3.96837,2.96097,-3.14462,4.26723,10.7603,19.2702,20.3736,14.8439,-0.874642,-0.377959,1.30835,0,0
22.1,-0.42899,19.0527,19.969,2.97143,2.94418,-3.42963,6.1554,11.6419,18.6237,22.9404,17.3119,-1.05126,-0.35581,1.63012,0,0
22.2,-0.495475,18.4437,18.5325,1.40217,2.50168,-3.75977,6.85686,11.7085,17.9483,19.9346,17.3073,-1.13985,-0.333393,1.60291,0,0
22.3,0.287192,17.9406,19.653,3.6777,2.5262,-2.94211,5.30199,10.303,18.2278,23.3307,15.189,-0.921199,-0.314078,1.49433,0,0
22.4,-0.741141,15.8229,20.6155,5.51289,2.54724,-2.31225,6.6367,10.6127,15.0818,26.1284,17.4844,-0.978329,-0.265065,1.40551,0,0
22.5,0.598036,17.53,15.5944,1.97198,2.62538,-2.47585,4.00336,9.85652,18.128,17.5664,14.0094,-0.788345,-0.328632,1.38226,0,0
22.6,0.501578,17.2302,19.4006,5.36085,2.64173,-2.29165,4.69687,10.0911,17.7318,24.7614,15.138,-0.830177,-0.309828,1.38309,0,0
22.7,-0.515965,17.626,19.7691,3.75464,2.41536,-2.86266,6.33272,11.0913,17.11,23.5237,16.9767,-1.0276,-0.301097,1.52359,0,0
22.8,-0.374276,18.1848,20.6505,5.43071,2.84675,-2.73427,5.28706,10.8284,17.8105,26.0812,16.2279,-0.920172,-0.33367,1.52374,0,0
22.9,-0.409045,19.4118,19.6529,2.52053,2.5444,-3.28522,4.60118,10.0996,19.0028,22.1734,13.9599,-0.88789,-0.33984,1.65367,0,0
23,-0.0530788,15.7157,16.9668,2.30735,2.69143,-2.85579,6.09109,10.0788,15.6626,19.2741,16.0055,-0.939217,-0.286047,1.34649,0,0
23.1,-0.292642,17.2202,20.5792,6.04237,2.74593,-2.36239,5.25251,10.3819,16.9276,26.6216,16.0179,-0.876923,-0.30713,1.44309,0,0
23.2,0.0150408,16.7329,19.3765,4.13328,2.5226,-2.68925,6.23954,10.7972,16.7479,23.5098,16.8701,-0.989196,-0.293086,1.41857,0,0
23.3,-0.272696,17.6811,18.9113,3.74276,2.71083,-2.75563,4.67399,10.3236,17.4084,22.6541,14.9527,-0.864934,-0.333481,1.4874,0,0
23.4,-0.0142779,17.8477,19.8543,4.62701,2.90211,-2.47977,5.52597,11.2507,17.8334,24.4813,17.1991,-0.940376,-0.3332,1.48388,0,0
23.5,0.851767,16.241,17.6583,4.77687,2.44795,-2.49296,5.16608,10.3442,17.0928,22.4352,15.4652,-0.894427,-0.303569,1.27133,0,0
23.6,-1.18986,16.4451,19.3599,3.87606,2.38778,-2.51628,5.37447,9.79658,15.2552,23.236,15.0426,-0.879724,-0.279785,1.47852,0,0
23.7,0.82659,17.1437,16.4885,3.11868,2.80838,-2.47345,4.77197,10.7145,17.9703,19.6072,15.8214,-0.871214,-0.336731,1.33933,0,0
23.8,-0.171116,18.5319,18.4774,3.07726,3.11933,-1.931,4.85611,11.0497,18.3608,21.5547,17.0941,-0.846252,-0.337316,1.53743,0,0
23.9,0.140381,16.7754,18.5452,3.64107,2.84631,-2.47083,3.50135,8.76094,16.9158,22.1863,12.6378,-0.683492,-0.317302,1.40364,0,0
24,0.858525,18.4759,20.5891,7.27158,2.84315,-2.7323,3.36009,10.0356,19.3344,27.8607,13.5065,-0.763879,-0.367529,1.41252,0,0
24.1,0.0918797,18.8275,19.9079,3.92968,2.82724,-3.07519,5.40597,11.1945,18.9194,23.8376,16.3525,-0.968785,-0.350729,1.55665,0,0
24.2,0.242179,16.0611,18.0499,3.84238,2.57089,-2.33024,5.22886,9.79233,16.3033,21.8923,15.2618,-0.849881,-0.283938,1.33581,0,0
24.3,0.515638,15.4688,18.2662,4.97164,2.38299,-2.06059,5.14058,9.9096,15.9845,23.2378,15.3726,-0.846848,-0.276378,1.25864,0,0
24.4,1.11585,17.5914,18.815,6.01283,2.87072,-2.45993,4.32227,10.4992,18.7073,24.8278,15.2323,-0.828617,-0.345229,1.33141,0,0
24.5,0.560651,18.2118,19.6738,5.29382,2.87715,-2.39563,5.41469,11.5456,18.7725,24.9676,17.4418,-0.947527,-0.34211,1.44634,0,0
24.6,-0.396075,14.6306,18.9052,4.1602,1.97972,-2.4874,6.31398,9.68584,14.2345,23.0654,15.4921,-0.949181,-0.23517,1.30638,0,0
24.7,0.175585,17.5119,17.8594,3.21557,2.70538,-2.86091,4.94494,10.2846,17.6874,21.075,15.074,-0.884644,-0.32718,1.43615,0,0
24.8,-0.332751,16.7656,20.0216,4.28892,2.58974,-2.63726,5.33425,9.88813,16.4328,24.3105,15.1749,-0.87802,-0.293427,1.45514,0,0
24.9,-0.650242,16.0621,17.7897,3.26538,2.60871,-2.59683,4.87649,9.6514,15.4118,21.0551,14.5398,-0.834671,-0.299413,1.39669,0,0
25,-0.0546047,17.8544,18.5787,3.84914,2.67857,-2.25252,4.63693,10.1082,17.7998,22.4278,15.1712,-0.823346,-0.312071,1.47165,0,0
25.1,-0.388881,18.6247,18.7703,2.49481,2.64359,-2.78309,4.70973,10.2643,18.2358,21.2651,14.8345,-0.869026,-0.329436,1.58154,0,0
25.2,0.588226,15.9411,17.3401,4.32249,2.38865,-2.6086,4.62483,9.5386,16.5293,21.6626,13.9435,-0.827044,-0.297331,1.27332,0,0
25.3,-0.195095,14.6798,18.1751,3.93699,2.25274,-2.66702,6.27975,10.2853,14.4847,22.1121,16.1508,-0.976311,-0.267759,1.28245,0,0
25.4,0.224522,16.293,17.3098,3.76216,2.74037,-2.35814,6.11943,11.2988,16.5175,21.072,17.8005,-0.97957,-0.308337,1.33037,0,0
25.5,-0.167193,17.065,21.4652,5.19115,2.41361,-2.47334,5.70047,9.87135,16.8978,26.6563,15.5121,-0.898814,-0.271735,1.47907,0,0
25.6,0.268882,17.2828,19.9426,4.59115,2.44707,-2.11705,3.85622,8.71462,17.5516,24.5337,12.9009,-0.703847,-0.282676,1.43884,0,0
25.7,0.262233,17.8725,17.7024,3.30571,2.60664,-3.00326,5.2306,11.0719,18.1347,21.0081,15.9059,-0.960199,-0.343535,1.44449,0,0
25.8,0.220707,16.8027,19.6101,5.84226,2.87606,-2.66342,5.32804,10.8674,17.0234,25.4523,16.4081,-0.919012,-0.332366,1.3665,0,0
25.9,0.0594003,15.0694,20.0158,5.88215,2.5225,-2.04021,6.03529,10.1739,15.1288,25.898,16.6915,-0.904297,-0.26104,1.28708,0,0
26,-0.437709,18.3226,20.0439,4.28303,2.94135,-2.46157,5.41807,10.8822,17.8849,24.327,16.7801,-0.90968,-0.326013,1.55155,0,0
26.1,-1.06975,19.2203,22.8062,5.40717,2.61972,-2.3128,5.37774,10.4036,18.1505,28.2134,16.0882,-0.889777,-0.29875,1.68865,0,0
26.2,-0.613512,16.7585,19.2407,2.78527,2.13503,-2.98669,5.82188,9.97892,16.145,22.026,14.9491,-0.957517,-0.278363,1.49255,0,0
26.3,-0.876617,19.0125,18.8577,2.09438,2.88478,-2.72348,5.49949,11.0035,18.1358,20.9521,16.6643,-0.939649,-0.33337,1.64652,0,0
26.4,0.317165,17.6019,19.6049,6.46362,3.02669,-2.03105,4.17077,10.8258,17.9191,26.0686,15.9922,-0.805053,-0.351383,1.38811,0,0
26.5,0.357165,15.7057,17.7191,5.05011,2.40587,-2.19203,4.63061,9.71963,16.0628,22.7692,14.5641,-0.812843,-0.290608,1.26261,0,0
26.6,-0.137438,13.9685,19.7714,6.30755,2.39421,-1.90571,5.60346,9.38448,13.8311,26.0789,15.4764,-0.833718,-0.242428,1.21501,0,0
26.7,0.142779,19.8451,19.085,2.87541,2.72631,-3.08969,4.76935,11.0755,19.9879,21.9604,15.4815,-0.931972,-0.363664,1.61917,0,0
26.8,1.01307,17.185,17.2868,3.98658,2.62353,-3.01241,5.05317,10.9412,18.1981,21.2734,15.6055,-0.942037,-0.345719,1.32889,0,0
26.9,-0.881849,14.5765,17.7114,2.53481,2.71955,-2.12958,5.24728,8.97064,13.6947,20.2462,14.8079,-0.783607,-0.257175,1.34415,0,0
27,0.569044,19.2958,21.0873,6.06025,3.15486,-2.31487,4.09143,10.3074,19.8649,27.1476,15.2388,-0.779634,-0.350572,1.5276,0,0
27.1,0.397382,18.6126,18.3698,3.06963,2.53492,-3.05154,5.16586,10.8131,19.0099,21.4395,15.4624,-0.948498,-0.337012,1.50638,0,0
27.2,0.354658,19.9929,20.4807,4.81971,3.0826,-3.08576,5.10766,11.6967,20.3476,25.3004,16.8012,-0.966434,-0.382723,1.59903,0,0
27.3,0.529698,17.7269,16.1415,1.64806,2.33089,-2.88293,5.10243,10.6309,18.2566,17.7896,15.1813,-0.936409,-0.322269,1.42364,0,0
27.4,0.584957,17.7254,17.1448,2.95007,2.3892,-3.43661,5.53513,11.1136,18.3103,20.0948,15.6013,-1.01753,-0.342129,1.41142,0,0
27.5,0.787681,15.992,17.9375,5.13415,2.56533,-2.26015,5.10308,10.3121,16.7797,23.0716,15.7204,-0.868826,-0.301035,1.25835,0,0
27.6,-0.242724,18.311,21.5373,5.12717,2.69143,-2.65405,6.12967,11.1359,18.0683,26.6645,17.3029,-0.990619,-0.31055,1.55914,0,0
27.7,-0.285339,15.9373,19.5396,5.03867,2.56348,-2.36206,5.55889,9.7847,15.6519,24.5783,15.545,-0.870675,-0.27454,1.36783,0,0
27.8,1.42877,20.0394,20.9318,7.50318,3.01328,-2.46865,4.33055,11.3847,21.4681,28.435,16.2599,-0.87231,-0.376082,1.47297,0,0
27.9,-0.850677,17.3599,19.38,3.63279,3.06189,-2.34626,3.90472,9.08018,16.5092,23.0128,13.7005,-0.705483,-0.317508,1.51953,0,0
28,-0.10703,16.4047,17.1375,2.90342,2.46113,-2.82484,5.91594,10.9334,16.2977,20.0409,16.4856,-0.989748,-0.309102,1.37645,0,0
28.1,0.996617,17.9448,19.3371,6.33948,2.85481,-2.0401,4.70461,10.9749,18.9414,25.6766,16.4942,-0.854725,-0.334955,1.36445,0,0
28.2,0.548118,17.8734,18.369,3.62069,2.62179,-2.83345,5.54406,11.1037,18.4215,21.9897,16.4361,-0.969418,-0.330447,1.43865,0,0
28.3,-0.626809,17.1027,18.4506,1.64969,2.43901,-2.76827,6.32281,10.3827,16.4759,20.1003,16.3763,-0.979501,-0.278016,1.52347,0,0
28.4,0.0368391,14.5211,17.4735,4.8924,2.25917,-2.28086,4.87518,9.27538,14.558,22.3659,14.1289,-0.814905,-0.268207,1.21028,0,0
28.5,-0.403595,19.2766,21.0154,4.84586,2.86593,-2.73394,5.66352,11.4937,18.8731,25.8612,17.2892,-0.97895,-0.342901,1.6167,0,0
28.6,0.63324,15.2798,17.1367,3.46625,2.13634,-2.85797,6.70918,10.9215,15.9131,20.603,16.909,-1.05526,-0.276198,1.25229,0,0
28.7,0.0978742,17.0589,17.207,2.72097,2.61121,-2.86865,5.65305,10.708,17.1568,19.928,16.1036,-0.955561,-0.316043,1.40984,0,0
28.8,-1.12087,19.4043,24.1849,6.30406,3.27824,-2.38211,5.65327,10.5674,18.2834,30.4889,17.1168,-0.881159,-0.317233,1.71662,0,0
28.9,0.595965,17.1781,20.0242,5.88804,2.80348,-2.88903,5.3833,11.0071,17.7741,25.9123,16.3049,-0.94737,-0.339491,1.37756,0,0
29,-0.819288,18.6128,23.7137,5.55878,3.04413,-2.76326,6.25534,10.7292,17.7935,29.2725,17.2654,-0.960462,-0.308438,1.66199,0,0
29.1,-0.00457764,18.6843,19.116,2.35988,2.37906,-3.30255,6.33447,11.5865,18.6797,21.4759,16.9975,-1.08356,-0.328011,1.57729,0,0
29.2,0.53591,17.2628,19.2749,6.56084,2.65023,-2.24402,4.53644,10.608,17.7987,25.8357,15.5507,-0.847449,-0.328975,1.34322,0,0
29.3,0.559562,18.7702,19.453,5.28325,2.96598,-2.41394,4.46102,10.6812,19.3297,24.7362,15.6942,-0.838932,-0.348002,1.4722,0,0
29.4,0.282942,15.6992,16.4396,2.63541,2.41078,-3.13612,5.72848,10.1859,15.9822,19.075,15.189,-0.956783,-0.300129,1.30056,0,0
29.5,-1.42964,14.6484,18.2865,1.36326,2.25961,-2.45503,6.77915,9.24388,13.2188,19.6497,15.8276,-0.932561,-0.215381,1.43219,0,0
29.6,-0.157057,17.0201,18.478,3.07802,2.83138,-2.53601,5.62254,10.4372,16.863,21.556,16.3551,-0.906453,-0.305462,1.44968,0,0
29.7,0.556183,15.1768,18.7845,6.98155,2.56053,-1.91759,4.44325,9.59026,15.733,25.7661,14.6764,-0.769958,-0.288754,1.19478,0,0
29.8,-0.863974,17.2571,18.3134,1.84424,2.67552,-3.01906,6.40455,10.9389,16.3932,20.1576,16.9999,-1.017,-0.306868,1.53604,0,0
29.9,-0.128065,15.8968,19.1996,3.61383,2.34855,-2.32348,6.07387,9.77685,15.7688,22.8134,15.8758,-0.909975,-0.25125,1.389,0,0
30,0.794547,16.786,20.8781,7.19746,2.84446,-2.37274,6.31866,11.1788,17.5805,28.0755,17.9692,-0.978981,-0.30232,1.32993,0,0
30.1,-1.14713,16.9322,20.5773,3.08228,2.54658,-2.81034,7.86765,11.4481,15.7851,23.6596,19.052,-1.12582,-0.268122,1.56442,0,0
30.2,0.72937,18.6171,18.6672,2.80566,2.79051,-3.22734,5.90101,11.2632,19.3465,21.4728,16.7273,-1.01206,-0.3414,1.50439,0,0
30.3,0.228664,17.6106,18.1,3.98734,2.61056,-2.77841,4.57197,10.1615,17.8393,22.0873,14.5656,-0.856825,-0.329354,1.42284,0,0
30.4,0.317928,17.3146,17.9939,3.41906,2.70778,-2.81895,5.44477,10.7723,17.6325,21.413,16.1059,-0.938872,-0.325627,1.41455,0,0
30.5,0.536891,18.9144,19.1005,4.896,3.49677,-2.53765,4.03115,10.5891,19.4513,23.9965,15.5793,-0.785512,-0.377769,1.48284,0,0
30.6,-0.231607,16.2833,17.8659,3.02157,2.73939,-2.645,5.49371,10.2578,16.0517,20.8874,15.8459,-0.900286,-0.304455,1.39494,0,0
30.7,1.41678,16.7845,19.3219,6.14461,2.70506,-2.82353,6.48727,11.9274,18.2012,25.4665,18.2962,-1.06565,-0.32906,1.27896,0,0
30.8,-0.265721,16.6071,17.1342,1.80838,2.56271,-3.29633,6.37676,11.1406,16.3414,18.9426,16.7837,-1.04943,-0.318685,1.42996,0,0
30.9,0.173187,21.0553,20.4694,3.09884,3.32445,-3.17034,4.6342,11.2506,21.2285,23.5683,16.0389,-0.904517,-0.393337,1.72184,0,0
31,0.259072,17.5831,16.6888,2.02778,3.07454,-2.90244,5.78853,11.4376,17.8422,18.7165,17.3982,-0.980604,-0.34878,1.43596,0,0
31.1,0.0990731,16.8114,20.5097,5.04739,2.57023,-2.74702,7.12945,11.4357,16.9104,25.5571,18.3884,-1.07766,-0.288705,1.42483,0,0
31.2,-0.236729,16.9594,18.5001,2.22604,2.72119,-3.00467,6.80237,11.4003,16.7227,20.7261,17.9192,-1.06295,-0.309713,1.477,0,0
31.3,-0.0183105,16.8333,20.4739,5.66559,2.68936,-2.58015,6.69817,11.5057,16.815,26.1395,18.3131,-1.04044,-0.30231,1.41322,0,0
31.4,0.39226,17.6698,18.8661,3.90472,2.74037,-2.95138,4.90396,10.2291,18.062,22.7708,14.922,-0.882281,-0.330505,1.4423,0,0
31.5,-0.247846,17.0557,20.6859,4.95584,2.79704,-2.00762,5.04652,9.73685,16.8079,25.6417,15.5728,-0.804652,-0.28485,1.46686,0,0
31.6,0.155749,16.7597,19.2074,4.20271,2.87977,-2.56969,5.18744,9.92497,16.9155,23.4101,15.4225,-0.851134,-0.30561,1.40487,0,0
31.7,0.461469,18.6172,19.6165,4.22876,2.68849,-2.50637,4.95573,10.3814,19.0787,23.8452,15.5193,-0.871414,-0.318617,1.50559,0,0
31.8,0.638689,17.8048,20.9705,7.48542,3.14168,-2.20108,4.88499,10.8887,18.4435,28.4559,16.7143,-0.852901,-0.340393,1.3916,0,0
31.9,0.322505,16.2844,21.6315,6.83463,2.3432,-2.72511,5.98733,10.1072,16.6069,28.4661,15.7126,-0.947395,-0.275646,1.36172,0,0
32,-0.35444,20.4661,20.0795,2.86833,2.97448,-3.21415,5.20259,11.2752,20.1116,22.9478,16.2381,-0.961252,-0.367836,1.71351,0,0
32.1,0.107901,18.26,18.6187,2.87465,2.42211,-3.16925,5.78003,11.1294,18.3679,21.4933,16.1623,-1.01525,-0.328223,1.51606,0,0
32.2,0.447845,19.8349,19.729,4.18603,2.92249,-3.32042,5.46243,12.0063,20.2827,23.915,17.0708,-1.02733,-0.383603,1.58104,0,0
32.3,1.4025,20.0381,18.9162,4.15061,3.45361,-2.82298,4.69829,11.6829,21.4406,23.0668,17.0118,-0.905657,-0.397836,1.51451,0,0
32.4,0.693948,17.1241,19.9642,7.27561,2.99421,-1.67356,3.07465,9.15342,17.818,27.2398,13.5487,-0.627177,-0.322396,1.32539,0,0
32.5,0.315857,16.2195,18.4875,4.50254,2.45252,-2.49241,5.47682,10.1722,16.5354,22.9901,15.6091,-0.90211,-0.289209,1.33401,0,0
32.6,0.291116,16.1938,18.1335,3.64587,2.43083,-2.78516,5.64859,10.2038,16.4849,21.7794,15.498,-0.931884,-0.293135,1.34904,0,0
32.7,-0.785828,16.2749,17.9879,1.68065,2.24021,-2.88358,6.40052,10.4917,15.4891,19.6686,16.2489,-1.0083,-0.27645,1.47021,0,0
32.8,-1.29994,15.9285,16.8702,0.719343,2.56991,-2.47203,5.53502,9.66568,14.6286,17.5896,15.2986,-0.868412,-0.275178,1.47516,0,0
32.9,0.165122,17.0165,19.2669,3.82265,2.34048,-3.15399,6.39343,11.4441,17.1816,23.0896,17.024,-1.07243,-0.316354,1.43228,0,0
33,0.323159,16.6136,15.9407,1.87291,2.40108,-3.06255,4.95682,10.1313,16.9367,17.8137,14.4266,-0.905601,-0.319143,1.35873,0,0
33.1,-0.330353,15.3457,21.5014,4.4208,2.29776,-2.76195,7.85533,10.3289,15.0153,25.9222,17.72,-1.07228,-0.225998,1.41379,0,0
33.2,0.391279,19.841,19.5483,3.18298,2.90909,-3.35791,5.88401,12.0786,20.2323,22.7312,17.5138,-1.05866,-0.373849,1.60932,0,0
33.3,0.893729,17.3371,19.465,5.35049,2.79203,-2.40849,4.70679,10.259,18.2309,24.8155,15.3494,-0.838481,-0.322583,1.36893,0,0
33.4,-0.295367,20.6604,21.604,2.69852,3.28511,-3.45775,6.17218,12.0689,20.365,24.3026,18.0685,-1.05879,-0.379189,1.77212,0,0
33.5,0.48414,17.6503,17.1688,2.31029,2.89786,-2.95628,6.24662,11.8536,18.1344,19.479,18.0418,-1.04412,-0.343833,1.43281,0,0
33.6,-0.118801,18.4132,18.4578,3.10429,3.09786,-2.25514,4.68532,10.6263,18.2944,21.5621,16.1544,-0.831963,-0.33882,1.5262,0,0
33.7,-0.0332424,19.3471,20.196,3.6935,3.07835,-2.60457,5.296,11.1992,19.3138,23.8895,16.969,-0.921231,-0.347583,1.60944,0,0
33.8,0.917271,16.8502,16.8732,3.47563,2.69743,-1.82822,4.94973,10.4703,17.7674,20.3488,16.2892,-0.83667,-0.301385,1.31807,0,0
33.9,0.392369,14.9102,15.5463,2.48141,2.52391,-2.26168,4.38919,9.37042,15.3026,18.0277,14.0218,-0.776099,-0.293005,1.22672,0,0
34,0.683703,18.0388,17.7071,3.17546,2.44533,-2.93601,4.64739,10.9152,18.7225,20.8825,15.0719,-0.923061,-0.349473,1.43387,0,0
34.1,0.134604,19.1314,19.0823,2.77557,2.84892,-2.89993,5.7651,11.4507,19.266,21.8579,17.1648,-0.992844,-0.343035,1.58152,0,0
34.2,-0.256675,17.9425,20.6788,4.61676,3.11781,-2.60598,6.03202,11.3143,17.6858,25.2956,17.8581,-0.967982,-0.330182,1.52831,0,0
34.3,-1.07117,15.9999,19.2436,3.38026,2.48315,-2.73961,6.33076,10.0067,14.9288,22.6239,16.081,-0.954151,-0.266961,1.45749,0,0
34.4,-0.8255,18.222,20.6261,2.49416,2.95192,-2.93699,6.86395,11.3989,17.3965,23.1202,18.2777,-1.04925,-0.312715,1.63919,0,0
34.5,0.637163,16.2188,16.908,3.92641,2.56958,-2.28304,5.18352,10.3444,16.8559,20.8345,15.8144,-0.876378,-0.300404,1.28539,0,0
34.6,-0.704084,20.5843,20.3136,1.91727,3.1068,-3.38909,5.61981,11.8263,19.8802,22.2309,17.1638,-1.01938,-0.381072,1.77597,0,0
34.7,0.937217,15.7961,18.2398,5.13818,2.83051,-2.31247,5.04543,10.1909,16.7333,23.378,15.7544,-0.846302,-0.308654,1.24744,0,0
34.8,0.110517,18.081,18.0884,2.36228,2.60751,-2.72893,4.98014,10.3382,18.1915,20.4507,15.1969,-0.887784,-0.320833,1.50509,0,0
34.9,0.523049,13.5171,17.7439,4.59834,2.10408,-1.87934,6.87517,10.2364,14.0402,22.3422,17.3363,-0.970991,-0.220338,1.14153,0,0
35,0.192806,16.5465,18.357,4.95377,2.8207,-2.11792,4.03649,9.49435,16.7393,23.3107,14.2336,-0.737614,-0.311894,1.34244,0,0
35.1,0.864301,14.6372,17.7538,5.62014,2.52947,-2.22015,5.38973,10.0455,15.5015,23.374,15.7446,-0.869741,-0.282162,1.15595,0,0
35.2,-0.992911,17.357,18.6908,1.88174,2.56925,-2.86255,6.2706,10.9196,16.3641,20.5726,16.8969,-1.0053,-0.302425,1.55939,0,0
35.3,-0.0816345,17.0048,19.785,3.47998,2.37972,-3.02102,6.99583,11.0433,16.9232,23.265,17.3979,-1.07413,-0.283447,1.47162,0,0
35.4,-0.826372,17.779,20.6907,3.04173,2.64446,-2.94113,5.76586,9.82535,16.9526,23.7324,15.2945,-0.913554,-0.289352,1.59928,0,0
35.5,-0.523921,15.945,18.5529,3.98712,2.64239,-2.14996,5.09698,9.99952,15.4211,22.5401,15.5889,-0.839734,-0.290847,1.38394,0,0
35.6,0.0319345,17.8062,19.891,3.81219,2.68642,-2.68991,6.5349,11.5061,17.8382,23.7032,18.0375,-1.03756,-0.310426,1.50439,0,0
35.7,-1.05198,21.5402,20.6862,1.37689,3.26309,-3.55453,4.93829,11.6488,20.4882,22.0631,16.2956,-0.970514,-0.405843,1.87833,0,0
35.8,0.273568,18.4552,18.0248,1.90103,2.51149,-2.74146,5.2948,10.5334,18.7287,19.9258,15.5982,-0.923343,-0.314745,1.52915,0,0
35.9,-0.523267,16.459,18.1224,2.08479,2.92598,-2.50517,5.78668,10.4816,15.9357,20.2072,16.6891,-0.911228,-0.303782,1.45761,0,0
36,0.167629,17.5114,21.2564,5.92379,2.90211,-2.67977,6.53806,11.5048,17.6791,27.1802,18.2652,-1.02468,-0.316459,1.45725,0,0
36.1,-0.359889,18.9056,19.7413,2.30462,2.81209,-2.76064,6.66613,11.8733,18.5457,22.0459,18.5909,-1.06306,-0.323397,1.63087,0,0
36.2,-0.348009,18.3489,19.72,3.24217,2.69514,-3.0983,5.68957,10.9882,18.0009,22.9622,16.2746,-0.982152,-0.332761,1.56941,0,0
36.3,0.0682286,18.3532,18.1059,1.97013,2.86713,-2.53525,5.29251,10.6118,18.4214,20.076,16.2362,-0.895417,-0.321651,1.53546,0,0
36.4,-0.204577,12.4299,17.664,3.79966,1.88522,-1.86964,5.75158,7.9774,12.2253,21.4637,13.7446,-0.788521,-0.17942,1.14241,0,0
36.5,-0.240435,15.7163,20.1072,4.62145,2.33361,-2.57797,6.41796,10.3076,15.4759,24.7286,16.4812,-0.975772,-0.264038,1.38209,0,0
36.6,0.878252,14.502,16.515,3.47661,1.87868,-2.79944,6.02777,9.84443,15.3802,19.9916,14.9514,-0.965595,-0.254844,1.17452,0,0
36.7,-0.723485,15.8974,20.7304,5.04783,2.77078,-2.71334,7.1797,11.1756,15.1739,25.7782,18.4128,-1.05213,-0.284402,1.42618,0,0
36.8,1.44599,17.7121,19.0812,6.24629,2.87944,-2.41874,5.04336,11.1948,19.1581,25.3275,16.6989,-0.907205,-0.343489,1.32035,0,0
36.9,1.1625,16.8252,17.5011,4.19519,2.49067,-2.70113,5.76172,11.0204,17.9877,21.6963,16.5717,-0.977076,-0.313516,1.29978,0,0
37,0.699942,18.1588,18.1649,4.67028,3.0341,-1.91138,3.28489,9.45707,18.8588,22.8352,13.8647,-0.668106,-0.33353,1.40873,0,0
37.1,0.0918797,15.6949,18.0752,5.12183,2.40479,-1.9892,5.28346,10.0227,15.7867,23.1971,15.7218,-0.85621,-0.273998,1.28577,0,0
37.2,-0.0320435,16.7195,17.2577,4.18385,2.59541,-2.31977,5.5772,11.0194,16.6874,21.4415,16.8722,-0.938452,-0.31072,1.35543,0,0
37.3,-0.490461,13.6668,19.1447,5.43616,2.38876,-2.03727,6.22395,9.38121,13.1763,24.5808,15.9567,-0.877086,-0.227499,1.22529,0,0
37.4,-0.908988,18.718,21.4375,5.99311,2.79345,-2.83454,6.19649,11.7735,17.809,27.4306,17.9289,-1.03563,-0.336149,1.59188,0,0
37.5,-0.287955,17.4065,18.2537,2.54702,2.38756,-2.99955,5.98831,10.7477,17.1185,20.8007,16.1241,-0.997513,-0.304396,1.48863,0,0
37.6,-0.775582,15.6206,20.3109,6.17599,2.76587,-1.50125,5.40346,9.73402,14.8451,26.4869,16.4021,-0.797689,-0.25793,1.36683,0,0
37.7,0.233241,15.8495,19.5554,6.46896,2.77252,-2.35792,6.08989,11.0552,16.0828,26.0244,17.5597,-0.962004,-0.302873,1.29053,0,0
37.8,-0.598145,17.8444,18.8552,2.30974,2.74854,-2.59977,6.31648,11.0518,17.2462,21.1649,17.5171,-0.990124,-0.30251,1.55681,0,0
37.9,-0.733076,18.1925,21.6218,4.60587,2.45699,-2.96805,6.08204,10.5687,17.4594,26.2277,16.1397,-0.986802,-0.29735,1.5987,0,0
38,-0.47008,17.627,18.7073,2.94288,2.78636,-2.83781,5.83878,10.8964,17.1569,21.6502,16.6837,-0.965231,-0.320454,1.51351,0,0
38.1,0.897653,18.8932,17.3901,3.70244,2.75029,-2.91225,5.16401,11.4628,19.7909,21.0926,16.4649,-0.965357,-0.358841,1.44538,0,0
38.2,-0.876944,16.5959,18.7011,3.26756,2.56762,-2.20762,6.26493,10.6202,15.7189,21.9686,17.2452,-0.950197,-0.273916,1.46769,0,0
38.3,0.344413,15.2276,17.7916,5.66613,2.485,-2.01525,5.84422,10.8176,15.572,23.4578,17.1316,-0.931045,-0.284209,1.21955,0,0
38.4,-0.674329,18.1362,18.5316,2.18778,2.65677,-3.1844,5.42897,10.7267,17.4618,20.7194,15.6281,-0.95929,-0.334167,1.57192,0,0
38.5,0.534494,14.4885,13.9388,1.77852,1.98408,-2.61459,4.60903,9.135,15.023,15.7173,13.1135,-0.826536,-0.273739,1.16717,0,0
38.6,0.456129,15.0018,17.7751,5.01415,2.52914,-2.32871,5.52804,10.03,15.4579,22.7892,15.7585,-0.883065,-0.280795,1.2192,0,0
38.7,0.52196,21.0405,20.6774,5.15278,3.32587,-3.01437,5.37872,12.2526,21.5624,25.8302,17.9428,-0.995889,-0.396423,1.64555,0,0
38.8,0.352151,20.2076,19.6217,3.92478,3.33448,-3.01012,5.21665,11.8442,20.5598,23.5465,17.3852,-0.962348,-0.389165,1.6126,0,0
38.9,-0.685774,16.4285,19.7954,5.00368,2.67127,-2.19301,5.94188,10.5397,15.7427,24.7991,16.9598,-0.92019,-0.283863,1.42782,0,0
39,-0.218746,19.2175,20.4656,3.24031,2.50637,-3.03813,6.37229,11.6416,18.9987,23.7059,17.4821,-1.06637,-0.324414,1.63434,0,0
39.1,-0.903429,17.1867,20.1583,3.52696,2.65285,-2.49884,6.70929,11.0439,16.2833,23.6852,17.9072,-1.01195,-0.284588,1.53912,0,0
39.2,0.401742,18.8726,18.9307,4.19333,3.07944,-2.3031,4.76739,10.8795,19.2744,23.124,16.4233,-0.855057,-0.34484,1.5042,0,0
39.3,-1.7164,18.0096,17.4381,0.318037,3.03759,-2.69329,5.18123,10.1715,16.2932,17.7561,15.697,-0.862985,-0.321635,1.64785,0,0
39.4,0.853402,15.6222,15.5779,4.0293,2.5625,-2.2256,5.28641,10.6202,16.4756,19.6072,16.2435,-0.89526,-0.303658,1.19566,0,0
39.5,-0.983756,17.0116,19.1129,3.95115,2.9614,-2.16925,4.68772,9.60399,16.0278,23.0641,15.0839,-0.776225,-0.301408,1.48959,0,0
39.6,-0.786482,18.0446,18.7519,2.57002,2.90397,-3.19661,5.93393,11.346,17.2581,21.3219,16.9873,-1.01042,-0.345379,1.56824,0,0
39.7,-0.382996,15.519,18.9745,3.80009,2.26015,-2.78157,6.74744,10.3828,15.136,22.7746,16.6089,-1.01497,-0.260314,1.36959,0,0
39.8,-0.405666,18.6014,19.9368,3.35922,2.65841,-2.93808,5.69469,11.0247,18.1958,23.296,16.4397,-0.977446,-0.327795,1.59024,0,0
39.9,0.661904,19.498,20.2212,4.90494,3.41481,-2.6462,5.53316,11.6099,20.1599,25.1261,17.9116,-0.941529,-0.364131,1.54256,0,0
40,-1.42506,20.1877,20.4616,0.596183,2.74604,-3.4644,7.40465,12.0354,18.7626,21.0578,18.7217,-1.15911,-0.325235,1.8387,0,0
40.1,-1.49438,16.2835,18.1874,1.49667,2.84566,-2.57176,5.72008,9.75538,14.7891,19.6841,15.7494,-0.87409,-0.283581,1.52295,0,0
40.2,0.370898,17.215,20.3646,6.66896,3.14429,-2.4341,5.88346,11.3597,17.5859,27.0336,17.9534,-0.950648,-0.33164,1.3794,0,0
40.3,1.45253,17.647,19.0095,6.18395,2.48587,-2.43367,6.24804,11.7766,19.0995,25.1935,18.0769,-1.03342,-0.313444,1.31595,0,0
40.4,-0.61809,14.9619,17.0307,2.37677,2.63388,-2.40282,6.14003,10.0368,14.3438,19.4074,16.4079,-0.916881,-0.268004,1.33547,0,0
40.5,-0.432151,16.2508,17.7692,2.61983,2.79759,-2.21972,4.5808,8.80574,15.8187,20.389,13.9644,-0.736498,-0.277267,1.41375,0,0
40.6,0.684139,16.8546,16.2374,2.36762,2.52184,-2.76947,6.28673,11.4767,17.5388,18.605,17.5158,-1.03563,-0.314438,1.3459,0,0
40.7,0.38038,17.1526,20.6657,4.82352,2.48043,-2.85884,6.16281,10.5506,17.533,25.4893,16.335,-0.982779,-0.291811,1.43967,0,0
40.8,-0.281852,21.2835,20.5688,2.58026,3.39399,-3.47737,5.25317,11.9038,21.0017,23.1491,17.0736,-0.991321,-0.40566,1.77967,0,0
40.9,-0.267029,17.4828,20.4121,3.94832,2.5468,-3.03007,6.3603,10.7631,17.2157,24.3604,16.6401,-1.01238,-0.29939,1.51453,0,0
41,-0.601087,16.0988,19.401,3.45546,2.45383,-2.78309,7.41,11.1129,15.4977,22.8565,18.1936,-1.084,-0.268194,1.43861,0,0
41.1,0.534385,16.1351,17.0282,4.8645,2.69012,-2.18582,5.51235,10.9556,16.6695,21.8927,16.9722,-0.917909,-0.309576,1.26195,0,0
41.2,-0.482614,15.7436,18.4999,4.19878,2.7638,-2.39083,6.3445,10.7486,15.261,22.6986,17.4661,-0.961408,-0.286763,1.36204,0,0
41.3,-1.78909,14.2153,18.3318,4.12848,2.45514,-1.57405,5.78265,9.27277,12.4262,22.4603,15.9365,-0.815024,-0.225579,1.34635,0,0
41.4,0.51651,17.455,18.8683,6.43463,3.13067,-1.96479,3.49481,9.46851,17.9715,25.3029,14.1292,-0.678353,-0.332075,1.34697,0,0
41.5,0.840541,15.6698,17.1207,5.12881,2.4825,-2.06277,5.56641,10.5221,16.5103,22.2495,16.5083,-0.900957,-0.28503,1.21244,0,0
41.6,0.709534,15.78,17.3322,5.10319,2.66527,-2.38026,6.17687,11.1833,16.4895,22.4354,17.6452,-0.98182,-0.301558,1.23342,0,0
41.7,0.292751,15.802,15.7491,1.68065,2.43454,-2.74898,5.52859,9.77184,16.0948,17.4298,14.986,-0.897855,-0.282803,1.31384,0,0
41.8,-0.62452,14.7723,17.0763,2.96053,2.50669,-1.85471,4.74472,8.66002,14.1477,20.0369,14.0567,-0.733283,-0.248301,1.30879,0,0
41.9,0.369481,16.3859,17.6045,4.56641,2.57536,-2.72511,6.09916,11.2365,16.7553,22.1709,17.1859,-1.00541,-0.313133,1.31209,0,0
42,-0.639125,17.3221,20.3328,4.1772,2.58124,-2.76707,6.60117,11.204,16.683,24.51,17.6193,-1.03448,-0.298534,1.51744,0,0
42.1,-0.613185,14.3451,19.4564,6.33,2.55454,-1.80522,6.53752,10.3457,13.7319,25.7864,17.6325,-0.927698,-0.245038,1.25389,0,0
42.2,-0.213405,20.2277,19.7302,2.3007,2.88391,-3.25688,5.90177,11.9133,20.0143,22.0309,17.4421,-1.04581,-0.36457,1.69825,0,0
42.3,-0.111062,17.1961,19.4989,4.68521,2.82887,-2.48729,6.50144,11.4774,17.085,24.1841,18.3205,-1.01415,-0.308765,1.43957,0,0
42.4,-0.0335693,15.806,19.0098,4.4342,2.61459,-2.21677,6.34973,10.5391,15.7725,23.444,17.2867,-0.948235,-0.270623,1.34805,0,0
42.5,0.185067,15.2521,17.355,4.2438,2.70854,-2.14419,5.79692,10.0138,15.4372,21.5988,16.3751,-0.876666,-0.272088,1.25969,0,0
42.6,-0.124468,14.663,17.6894,5.00826,2.60805,-2.39934,6.24586,10.6382,14.5386,22.6977,17.0928,-0.958833,-0.281992,1.23072,0,0
42.7,-2.40925,17.9024,20.2041,0.960541,3.06364,-2.8292,4.95856,8.96966,15.4931,21.1646,14.1627,-0.787392,-0.297118,1.74522,0,0
42.8,-0.0190735,16.2374,19.8312,4.29469,2.75944,-2.54811,6.7458,11.007,16.2183,24.1259,17.9642,-1.00864,-0.287064,1.40084,0,0
42.9,0.610352,16.6905,17.4011,4.66472,2.88467,-1.79454,3.76761,9.39832,17.3008,22.0658,14.2561,-0.694359,-0.309298,1.3067,0,0
43,0.0609262,18.3156,18.6539,3.10113,2.75127,-3.13939,5.83027,11.3576,18.3765,21.755,16.7997,-1.01062,-0.342538,1.51622,0,0
43.1,0.357056,18.9772,21.5087,5.90581,3.01786,-2.68075,5.34613,11.0233,19.3343,27.4145,16.7065,-0.921857,-0.341273,1.53875,0,0
43.2,0.250462,16.3889,17.1056,2.04871,2.54473,-2.73797,6.75997,10.9269,16.6394,19.1544,17.4937,-1.02811,-0.28349,1.37967,0,0
43.3,0.860487,16.6399,18.2792,5.65327,2.76457,-2.62571,5.63998,10.719,17.5004,23.9324,16.4978,-0.932655,-0.314078,1.28609,0,0
43.4,0.935582,17.3185,19.6801,6.44346,3.00849,-2.06223,5.83965,11.1794,18.2541,26.1236,17.9653,-0.924182,-0.312313,1.33912,0,0
43.5,-0.218528,15.8512,19.5862,4.91987,2.6086,-2.3238,5.57066,9.75342,15.6326,24.5061,15.6089,-0.864759,-0.273455,1.364,0,0
43.6,-0.126321,17.326,21.5945,6.56106,2.88892,-2.80358,5.91834,10.8037,17.1997,28.1555,16.8073,-0.956608,-0.317335,1.45451,0,0
43.7,0.167956,19.4136,19.9915,4.72815,3.35225,-2.69547,4.24151,10.4588,19.5816,24.7197,15.3571,-0.807503,-0.36795,1.56453,0,0
43.8,0.750296,15.4465,15.5748,3.59105,2.41285,-2.74342,4.92695,9.94699,16.1968,19.1658,14.5434,-0.874259,-0.305289,1.20454,0,0
43.9,0.135367,16.99,19.6887,4.29916,2.45514,-2.16849,6.20738,10.5298,17.1254,23.9879,17.0238,-0.945904,-0.26838,1.43083,0,0
44,-0.344631,17.5911,19.3453,4.1093,2.90222,-2.23225,5.39998,10.3101,17.2465,23.4546,16.3801,-0.864809,-0.301339,1.48838,0,0
44.1,0.516074,15.1506,14.2256,1.18713,2.32021,-2.48391,5.46112,10.0429,15.6666,15.4127,15.3403,-0.900894,-0.281577,1.23264,0,0
44.2,-0.444794,16.446,19.3862,3.93426,2.63181,-2.782,5.87104,10.241,16.0012,23.3204,15.9619,-0.935081,-0.293515,1.43478,0,0
44.3,-0.136893,15.2507,17.9963,3.82418,2.56991,-2.31574,5.27333,9.32802,15.1138,21.8205,14.8555,-0.824963,-0.26821,1.30995,0,0
44.4,0.586591,19.3832,20.5537,6.17469,3.32544,-2.20773,5.27137,11.6679,19.9698,26.7284,18.0569,-0.909737,-0.357889,1.51218,0,0
44.5,-0.0365121,18.0729,20.5044,6.67267,3.22789,-2.19432,5.0475,10.9247,18.0364,27.1771,17.0058,-0.858974,-0.338984,1.45625,0,0
44.6,-0.597709,18.3371,18.4908,2.2401,3.25056,-2.89688,4.73742,10.529,17.7394,20.7309,15.6201,-0.857483,-0.358171,1.57628,0,0
44.7,-1.37253,18.3034,21.2335,3.19475,2.85154,-2.88173,6.45272,10.8889,16.9308,24.4282,17.3114,-0.998879,-0.305083,1.67252,0,0
44.8,0.646319,17.6385,17.6602,3.5626,2.62299,-2.35018,5.57959,11.0578,18.2848,21.2228,16.9102,-0.940965,-0.313542,1.39998,0,0
44.9,-0.60185,18.615,20.0273,3.84445,3.33241,-2.59933,5.23823,10.7446,18.0131,23.8717,16.7159,-0.87686,-0.343143,1.59045,0,0
45,0.61155,15.411,18.0643,6.47943,2.79301,-1.78364,4.97502,10.4052,16.0226,24.5438,16.3896,-0.826323,-0.300205,1.19852,0,0
45.1,-0.809806,18.2289,18.9895,2.95334,2.92598,-2.61427,5.27278,10.335,17.4191,21.9428,15.9195,-0.879524,-0.318074,1.57581,0,0
45.2,0.815691,15.8067,18.2984,5.61033,2.59966,-2.86375,5.35104,10.3048,16.6224,23.9088,15.3918,-0.915396,-0.312515,1.24263,0,0
45.3,-0.0336783,16.633,16.5773,1.54103,2.70658,-2.70342,6.47594,10.8473,16.5993,18.1183,17.3264,-0.995902,-0.29344,1.40942,0,0
45.4,0.525774,17.2978,18.9599,4.31758,2.72544,-3.07083,5.96717,10.8367,17.8236,23.2775,16.4585,-0.986082,-0.319974,1.40366,0,0
45.5,0.756073,18.4458,18.9996,4.57121,2.97448,-2.6353,5.31823,11.209,19.2019,23.5708,16.8664,-0.930813,-0.345016,1.45001,0,0
45.6,-0.801522,13.7266,17.8897,3.36162,2.12915,-2.15203,6.82384,9.54982,12.9251,21.2514,16.3508,-0.942802,-0.210215,1.27121,0,0
45.7,0.748008,18.9534,16.3315,1.70037,2.55868,-3.27475,6.02003,12.2169,19.7014,18.0319,17.5209,-1.0898,-0.360911,1.48574,0,0
45.8,-0.461796,17.0824,17.2339,1.38713,2.52914,-2.61645,5.81153,10.5186,16.6206,18.6211,16.2429,-0.944005,-0.295581,1.4842,0,0
45.9,0.111825,17.254,17.2746,2.50211,2.58854,-3.08664,6.18395,11.1464,17.3658,19.7767,16.8323,-1.02514,-0.31913,1.42885,0,0
46,-1.23237,17.3656,20.6136,3.5068,2.83781,-2.7626,6.71049,11.0539,16.1332,24.1204,17.8396,-1.01713,-0.298315,1.58259,0,0
46.1,-0.762504,17.1194,19.9436,3.04718,2.59018,-2.58255,6.12063,10.2232,16.3569,22.9907,16.3514,-0.93933,-0.278258,1.5351,0,0
46.2,0.0232152,16.7919,17.3895,1.91225,2.00086,-3.51693,6.35921,10.7924,16.8151,19.3017,15.6356,-1.07339,-0.298531,1.42851,0,0
46.3,-0.191934,15.6751,17.5385,3.61186,2.7068,-2.31618,5.95572,10.437,15.4832,21.1503,16.7834,-0.920121,-0.285128,1.33015,0,0
46.4,0.293841,16.7395,18.4941,4.59409,2.74408,-2.46201,5.65414,10.733,17.0334,23.0882,16.6692,-0.926044,-0.308549,1.36263,0,0
46.5,-0.864846,17.9359,22.5631,6.1058,3.02451,-2.55181,5.40281,10.4542,17.0711,28.6689,16.3297,-0.8846,-0.318832,1.57476,0,0
46.6,-1.07825,17.7293,20.0471,2.05242,2.8074,-2.9177,7.06907,11.2029,16.651,22.0995,18.1617,-1.05698,-0.295768,1.62127,0,0
46.7,-0.246211,17.2946,20.0364,5.25774,2.982,-1.8255,5.69425,10.6888,17.0484,25.2942,17.5395,-0.875525,-0.294061,1.45196,0,0
46.8,-0.726972,16.937,20.3935,4.44924,2.7613,-2.48162,5.98003,10.3655,16.2101,24.8427,16.6252,-0.923787,-0.288852,1.49401,0,0
46.9,-0.400979,16.8989,19.9527,5.20663,2.98702,-2.4777,5.33218,10.3232,16.4979,25.1593,16.1647,-0.8709,-0.313673,1.43713,0,0
47,0.869969,16.2067,16.2711,3.57895,2.54386,-2.59443,4.72619,9.99222,17.0767,19.85,14.6678,-0.849216,-0.312129,1.26263,0,0
47.1,-0.640106,16.73,15.5415,-0.266484,2.83704,-2.75421,6.68771,10.8227,16.0898,15.275,17.5933,-1.00209,-0.291788,1.47302,0,0
47.2,-1.11335,13.3774,17.9443,4.1251,2.44468,-2.06735,6.26319,9.17794,12.264,22.0694,15.8185,-0.866169,-0.222803,1.24779,0,0
47.3,0.576891,16.7265,18.1636,4.43431,2.891,-2.38931,5.31311,10.453,17.3034,22.5979,16.2678,-0.877706,-0.312607,1.34048,0,0
47.4,0.548118,15.5877,17.9438,4.56576,2.61285,-2.2547,5.97981,10.7104,16.1358,22.5095,17.0483,-0.939092,-0.287943,1.26612,0,0
47.5,0.307465,13.7816,18.2899,7.21087,2.4631,-1.79552,5.55442,9.72802,14.0891,25.5008,15.95,-0.840355,-0.252967,1.10714,0,0
47.6,-0.65046,19.8012,20.392,3.6196,3.28424,-2.53438,4.66734,10.8347,19.1508,24.0116,16.2519,-0.848251,-0.35958,1.67914,0,0
47.7,-0.196184,15.1574,15.8439,2.38146,2.27105,-2.30179,5.86352,10.0271,14.9612,18.2253,15.8599,-0.915477,-0.262093,1.2867,0,0
47.8,0.531987,13.5137,17.2055,6.34014,2.25677,-2.11378,6.04826,10.2228,14.0457,23.5456,16.4141,-0.927366,-0.256354,1.07241,0,0
47.9,-0.263105,17.6274,18.019,2.21939,2.7395,-2.85568,6.34962,10.8148,17.3643,20.2384,17.0482,-0.993633,-0.30181,1.50269,0,0
48,-0.590188,17.4831,18.4698,2.66898,2.95127,-3.06702,6.09894,10.8263,16.8929,21.1388,16.8095,-0.979858,-0.32237,1.51324,0,0
48.1,0.236729,13.5267,16.3195,3.76358,2.17569,-2.31312,6.02145,9.58099,13.7634,20.0831,15.465,-0.905043,-0.241451,1.14085,0,0
48.2,-0.2388,16.875,19.1007,4.23846,2.67835,-3.03911,6.28455,10.8956,16.6362,23.3392,16.8194,-1.00861,-0.309857,1.42991,0,0
48.3,-0.237928,16.4848,17.2539,2.31073,3.02048,-2.29961,6.02777,10.6752,16.2469,19.5646,17.4238,-0.918968,-0.299024,1.40985,0,0
48.4,-0.00305176,20.2336,19.1108,2.70604,2.9213,-2.93078,4.79649,11.0683,20.2305,21.8168,15.8553,-0.91277,-0.363716,1.65575,0,0
48.5,0.0896999,17.1382,17.4757,1.24675,2.38811,-2.54549,6.58722,10.7286,17.2279,18.7224,17.1584,-1.00471,-0.272248,1.46716,0,0
48.6,-0.145067,16.9868,19.9594,3.75562,2.50211,-2.79977,7.00019,11.4042,16.8418,23.715,18.1067,-1.07537,-0.291177,1.4712,0,0
48.7,-0.163269,15.6408,18.0891,3.23715,2.62026,-2.48555,7.02286,10.7127,15.4775,21.3262,17.8702,-1.01205,-0.263868,1.35429,0,0
48.8,1.31236,16.2661,19.9501,6.9518,2.6995,-2.1722,5.63049,10.4303,17.5785,26.9019,16.588,-0.893173,-0.290144,1.24979,0,0
48.9,0.488063,13.1426,17.7637,4.93742,2.52162,-2.10212,6.82569,9.77053,13.6307,22.7012,17.0157,-0.930161,-0.227057,1.11243,0,0
49,-0.337437,16.0768,17.4697,2.33863,2.90451,-2.4534,5.8294,10.0275,15.7393,19.8083,16.308,-0.885835,-0.286681,1.39775,0,0
49.1,0.725337,17.8249,19.4249,5.84346,2.98189,-2.44577,5.45197,11.2456,18.5502,25.2683,17.2337,-0.929284,-0.336639,1.39067,0,0
49.2,-0.32305,19.7696,19.9852,3.23399,3.38636,-2.72489,5.05393,10.9545,19.4466,23.2192,16.6699,-0.88245,-0.360355,1.65786,0,0
49.3,-1.11291,15.4151,16.0532,0.39444,2.68086,-2.81165,5.69404,9.46841,14.3022,16.4477,15.0317,-0.879361,-0.278006,1.42012,0,0
49.4,-0.594548,15.4293,17.0277,2.83912,2.43367,-2.14996,4.97306,9.33129,14.8347,19.8668,14.5881,-0.806187,-0.268256,1.34703,0,0
49.5,-0.379835,15.408,17.0392,1.51672,2.43541,-3.20849,6.32008,10.2261,15.0282,18.5559,15.7731,-0.995858,-0.286498,1.37347,0,0
49.6,-0.233024,15.6033,17.3691,2.94843,2.81165,-2.49307,5.6766,9.91614,15.3703,20.3175,15.9113,-0.878264,-0.286328,1.34321,0,0
49.7,-0.0117711,18.1675,20.7542,5.76117,3.13219,-2.21721,5.2124,10.7245,18.1558,26.5154,16.8519,-0.863762,-0.325846,1.4951,0,0
49.8,0.171007,19.0382,19.5387,2.10876,2.99574,-3.25263,6.25033,11.5711,19.2092,21.6474,17.5645,-1.0395,-0.347073,1.60776,0,0
49.9,-0.267138,16.7877,18.7097,2.34778,2.99639,-2.8607,6.50112,10.601,16.5206,21.0575,17.2379,-0.975572,-0.29871,1.47151,0,0
50,-0.907026,18.8984,19.5608,0.684248,3.03563,-3.60565,6.41044,11.078,17.9914,20.245,16.9184,-1.03836,-0.339265,1.70511,0,0
50.1,-1.49166,17.1864,19.5566,1.65198,2.89143,-3.57088,6.47452,10.5015,15.6948,21.2086,16.2966,-1.01519,-0.31468,1.61113,0,0
50.2,0.466374,15.819,17.3937,4.09971,2.86724,-2.14691,4.93033,9.51941,16.2854,21.4934,15.1701,-0.789442,-0.288097,1.2816,0,0
50.3,-0.372641,18.6775,20.1984,3.93502,3.27061,-2.0353,6.45861,11.6937,18.3049,24.1334,19.3876,-0.972727,-0.31623,1.58329,0,0
50.4,0.141689,16.3112,19.9789,5.46439,2.74909,-2.47759,5.78068,10.5495,16.4529,25.4433,16.6017,-0.923374,-0.299865,1.36518,0,0
50.5,-0.724138,16.5266,18.9577,3.359,2.60533,-2.67105,6.72749,11.2903,15.8024,22.3167,17.9521,-1.0398,-0.295176,1.45988,0,0
50.6,0.606428,17.2303,18.8038,4.10669,2.55683,-3.1298,6.16858,11.0049,17.8368,22.9105,16.6005,-1.02042,-0.315687,1.39679,0,0
50.7,-0.697,17.7455,19.3256,3.07149,3.11159,-2.68805,5.93937,10.9621,17.0485,22.3971,17.325,-0.947483,-0.324672,1.54807,0,0
50.8,-0.756727,15.7518,19.3022,3.14658,2.78037,-2.43639,6.12259,9.71396,14.995,22.4487,16.1805,-0.890823,-0.264244,1.4339,0,0
50.9,0.39226,16.0016,18.9635,5.83235,2.94418,-1.93645,5.73436,10.6189,16.3938,24.7959,17.361,-0.882369,-0.292956,1.29147,0,0
51,-0.109427,17.7723,19.8854,4.13263,3.0499,-2.03868,6.01153,10.893,17.6629,24.018,17.9158,-0.913867,-0.299103,1.50078,0,0
51.1,-0.839669,16.1617,19.9357,4.39965,2.74931,-2.81612,7.30155,11.2298,15.322,24.3354,18.4646,-1.0694,-0.284811,1.44366,0,0
51.2,-0.289917,14.7124,18.5618,4.99268,2.68119,-2.31596,6.09708,10.1375,14.4225,23.5544,16.5998,-0.912488,-0.271127,1.26971,0,0
51.3,0.155531,14.8953,15.3818,2.24773,2.36784,-2.13601,5.86275,9.80879,15.0508,17.6296,15.9034,-0.887784,-0.253496,1.24156,0,0
51.4,0.0195095,14.8078,15.159,3.43432,2.53405,-1.88501,3.69056,8.64541,14.8273,18.5933,12.985,-0.671998,-0.281217,1.20206,0,0
51.5,-0.566755,15.7278,19.1398,5.27932,2.66081,-1.86811,5.96804,10.3666,15.161,24.4191,17.1273,-0.893662,-0.267824,1.35275,0,0
51.6,0.0543867,14.8075,17.7727,5.01251,2.64424,-2.13089,5.05676,9.75745,14.8618,22.7852,15.3276,-0.8223,-0.284274,1.23111,0,0
51.7,0.716073,14.2714,15.2161,3.41219,2.37786,-2.41623,6.03343,10.1779,14.9875,18.6283,16.173,-0.93436,-0.268158,1.13355,0,0
51.8,-0.162397,14.8521,16.6084,2.87563,2.61645,-2.53961,5.13938,8.96759,14.6897,19.4841,14.1838,-0.806732,-0.269528,1.27532,0,0
51.9,0.207411,16.6638,16.0006,1.3625,2.56904,-2.8171,6.3433,10.8032,16.8712,17.3631,16.8985,-1.00019,-0.295382,1.38538,0,0
52,-0.25722,18.1531,20.9675,4.35987,2.86506,-2.44893,6.77065,11.1933,17.8958,25.3274,18.3801,-1.009,-0.292099,1.55682,0,0
52.1,-1.37307,15.0591,19.1366,2.29329,2.55781,-2.46506,6.7264,9.21555,13.686,21.4299,16.0347,-0.911329,-0.22536,1.45015,0,0
52.2,0.391388,15.3436,16.8591,4.16903,2.5795,-2.23759,6.49708,10.8134,15.735,21.0281,17.6523,-0.975691,-0.274001,1.24045,0,0
52.3,-0.0108991,15.6089,17.3249,3.01078,2.4135,-2.28915,6.11213,10.1771,15.598,20.3357,16.4136,-0.929478,-0.263028,1.32756,0,0
52.4,0.0423976,15.5227,16.1774,2.4219,2.42724,-2.39443,5.94057,10.3493,15.5651,18.5993,16.3227,-0.93478,-0.276911,1.30278,0,0
52.5,-0.879669,14.8075,19.759,5.28521,2.65132,-1.80174,5.76433,9.33337,13.9278,25.0443,15.9473,-0.819266,-0.240663,1.33622,0,0
52.6,0.0838143,15.0149,15.8287,1.93002,2.30048,-2.41056,6.46112,10.3155,15.0987,17.7587,16.6665,-0.970984,-0.256962,1.2755,0,0
52.7,0.682831,15.3786,18.5787,5.80412,2.33034,-2.17536,5.81251,10.0385,16.0614,24.3828,16.006,-0.902524,-0.261952,1.22824,0,0
52.8,-0.145067,12.1293,14.5726,3.02462,2.07596,-2.18015,5.73098,9.17402,11.9843,17.5972,14.8008,-0.863029,-0.230974,1.05222,0,0
52.9,-0.325448,16.9879,16.8915,1.49863,2.51628,-3.01481,7.11932,11.3596,16.6625,18.3901,17.9804,-1.0912,-0.293142,1.45731,0,0
53,-0.909533,14.358,17.7212,3.83017,2.39541,-2.22342,5.98711,9.42405,13.4484,21.5514,15.5831,-0.876252,-0.241673,1.29461,0,0
53.1,-0.49057,16.4842,17.7985,3.24162,2.75759,-2.55345,6.13185,10.9697,15.9936,21.0401,17.3056,-0.971599,-0.304465,1.41275,0,0
53.2,-0.572314,11.7294,17.0287,5.81774,2.24086,-1.76947,5.77382,8.59048,11.1571,22.8464,14.8357,-0.798842,-0.20481,1.04368,0,0
53.3,0.47869,15.0034,18.4387,6.0367,2.60566,-2.00991,5.03104,9.49064,15.4821,24.4754,15.1174,-0.800741,-0.272255,1.20723,0,0
53.4,-0.509753,16.0006,18.0786,3.165,2.71596,-2.52151,6.40368,10.7346,15.4908,21.2436,17.3327,-0.974268,-0.287051,1.39675,0,0
53.5,0.0697545,14.619,18.6787,6.80662,2.74299,-2.14255,6.1251,10.517,14.6888,25.4853,17.2425,-0.922396,-0.278324,1.19275,0,0
53.6,0.623649,11.626,13.7838,3.8462,2.13154,-2.17002,6.11376,9.41914,12.2496,17.63,15.4944,-0.895354,-0.228208,0.930763,0,0
53.7,-0.210571,15.0818,17.0709,3.42309,2.37296,-2.40697,5.8342,9.94895,14.8712,20.494,15.7491,-0.909486,-0.26684,1.28874,0,0
53.8,-0.400216,12.8886,15.2669,2.01612,2.10201,-2.30909,6.03256,9.03179,12.4883,17.283,14.8573,-0.878107,-0.22231,1.16163,0,0
53.9,-0.515856,15.3527,18.6146,4.84347,2.77459,-2.40827,5.59714,10.1693,14.8369,23.4581,16.1328,-0.885509,-0.292652,1.32558,0,0
54,-0.33395,14.5919,16.8433,2.6135,2.3831,-2.42244,6.59736,9.93096,14.2579,19.4568,16.489,-0.952641,-0.244174,1.28513,0,0
54.1,-0.233677,15.7307,15.8176,1.84501,2.51748,-2.31345,5.56662,10.0552,15.497,17.6626,15.8259,-0.886524,-0.279586,1.33713,0,0
54.2,-0.65046,14.7441,18.6579,5.24325,2.6886,-2.30408,6.2742,10.3297,14.0937,23.9011,16.9884,-0.932611,-0.271444,1.28763,0,0
54.3,-0.713457,16.9803,17.1958,1.44097,2.55519,-3.14854,6.87637,11.3479,16.2668,18.6368,17.6309,-1.08201,-0.305256,1.49004,0,0
54.4,0.455257,13.8232,14.9626,4.06472,2.3892,-2.11018,5.59736,10.1035,14.2784,19.0273,15.9799,-0.886756,-0.270166,1.09559,0,0
54.5,-0.941576,14.76,17.5706,3.25808,2.73198,-2.09797,6.23539,10.1572,13.8185,20.8287,17.0266,-0.906121,-0.262554,1.33222,0,0
54.6,-0.138855,16.5649,18.5689,3.5008,2.98713,-2.16871,6.01305,10.5009,16.4261,22.0697,17.3323,-0.902492,-0.28931,1.41251,0,0
54.7,-0.240653,13.214,16.545,3.72478,2.41667,-1.54081,5.21949,8.3762,12.9733,20.2698,14.4715,-0.731391,-0.213426,1.15825,0,0
54.8,-0.910623,14.5353,16.7351,2.43759,2.58451,-2.05427,5.29545,8.83745,13.6247,19.1727,14.6632,-0.782153,-0.245423,1.31707,0,0
54.9,-0.783757,14.8391,17.0204,2.07084,2.66985,-2.07051,5.57109,8.73707,14.0553,19.0913,14.9075,-0.788257,-0.23719,1.3468,0,0
55,0.384194,14.9765,15.5023,2.77601,2.33013,-2.45852,5.94864,10.12,15.3607,18.2783,15.9402,-0.931327,-0.268799,1.22085,0,0
55.1,-0.0978742,14.4697,15.432,2.25263,2.30811,-2.56773,6.14144,9.99647,14.3718,17.6846,15.8783,-0.942858,-0.261926,1.23302,0,0
55.2,0.0711714,15.4684,18.8241,5.99104,2.57645,-2.17187,5.93131,10.1774,15.5396,24.8152,16.5133,-0.902987,-0.269832,1.27033,0,0
55.3,-0.841849,15.895,17.3447,2.80587,2.6256,-2.46931,6.10025,10.1189,15.0531,20.1505,16.3754,-0.923612,-0.273406,1.39853,0,0
55.4,-0.308881,13.7805,16.3598,3.38527,2.3674,-1.64839,5.80804,9.17021,13.4717,19.7451,15.6973,-0.819906,-0.221339,1.19938,0,0
55.5,-0.591714,16.595,19.6268,3.27726,2.51367,-2.57514,6.33534,10.0878,16.0033,22.9041,16.3617,-0.947865,-0.265238,1.47872,0,0
55.6,0.789533,15.8549,17.4371,4.69731,2.62015,-2.19988,4.66178,9.48443,16.6444,22.1344,14.5665,-0.789241,-0.28928,1.24845,0,0
55.7,-1.01329,13.1526,15.651,0.80283,2.19138,-2.58822,6.6682,9.06121,12.1393,16.4539,15.3326,-0.927259,-0.215178,1.25999,0,0
55.8,-0.62027,15.4053,19.0769,4.83736,2.51454,-2.14582,6.44978,10.2134,14.785,23.9142,17.0319,-0.93693,-0.252718,1.34865,0,0
55.9,-0.0767299,14.9621,18.4987,5.8027,2.72195,-2.11737,5.29927,9.5374,14.8854,24.3014,15.4412,-0.818345,-0.272324,1.24561,0,0
56,-0.549534,17.4849,17.0959,1.87531,2.80838,-3.22603,6.01229,10.9348,16.9354,18.9713,16.5294,-0.998471,-0.328707,1.4936,0,0
56.1,0.550188,15.0006,18.6534,7.23408,2.76751,-1.75683,5.32771,10.3399,15.5508,25.8875,16.6783,-0.842774,-0.286096,1.17348,0,0
56.2,-0.0519889,17.161,17.8088,4.06352,3.07105,-2.13743,5.5348,10.5945,17.109,21.8723,17.0629,-0.873752,-0.308046,1.4021,0,0
56.3,-0.644575,16.9795,17.4272,1.87378,2.75312,-2.8268,6.44902,10.808,16.335,19.301,17.1834,-0.996516,-0.298168,1.47999,0,0
56.4,-0.0680106,15.1801,16.6829,1.81318,2.40925,-2.77067,8.17435,11.553,15.1121,18.496,19.3659,-1.1551,-0.256756,1.32286,0,0
56.5,-0.281089,17.9828,21.3086,4.91671,3.13525,-2.60533,4.62854,9.45653,17.7017,26.2253,14.615,-0.779421,-0.317057,1.54193,0,0
56.6,0.308555,15.0631,16.4204,4.20434,2.84413,-1.95618,4.93785,9.76334,15.3717,20.6248,15.5891,-0.794261,-0.288774,1.21487,0,0
56.7,0.314658,16.0544,19.6589,6.42635,2.708,-2.20021,5.2596,9.57086,16.3691,26.0852,15.3382,-0.823553,-0.276584,1.30201,0,0
56.8,0.46136,14.8065,17.5738,5.33011,2.91737,-2.35519,5.67823,9.68279,15.2678,22.9039,15.9232,-0.850934,-0.278314,1.19215,0,0
56.9,-0.202288,13.9961,18.4428,5.96837,2.91029,-1.76599,5.69796,9.36911,13.7938,24.4111,16.2114,-0.800559,-0.250423,1.19064,0,0
57,-0.189754,14.9852,18.0487,5.40303,2.811,-2.2195,5.99104,10.2592,14.7955,23.4518,16.8418,-0.90038,-0.278961,1.25193,0,0
57.1,-0.0700814,14.5482,17.4469,4.08837,2.50528,-2.04686,6.30798,10.1555,14.4781,21.5353,16.9219,-0.920291,-0.251989,1.2413,0,0
57.2,-0.691659,13.4895,15.9429,2.28882,2.33525,-2.47585,6.71365,9.53576,12.7979,18.2317,16.1088,-0.942426,-0.228996,1.22504,0,0
57.3,0.0316075,17.406,18.9441,4.13688,2.78625,-2.38506,5.36771,10.1416,17.4376,23.081,15.9106,-0.868719,-0.298357,1.44325,0,0
57.4,0.0955854,18.7629,17.8992,2.73307,3.00555,-2.93525,5.7857,11.5371,18.8584,20.6323,17.3931,-0.992016,-0.350765,1.52835,0,0
57.5,0.694057,14.9173,17.4144,5.06003,2.34179,-2.6353,6.94362,10.8464,15.6114,22.4745,17.4965,-1.0398,-0.266396,1.18847,0,0
57.6,0.239781,15.3507,17.212,2.69176,2.5601,-2.76337,7.41588,10.9688,15.5905,19.9038,18.1814,-1.06881,-0.266291,1.30448,0,0
57.7,-0.112479,14.2875,14.2779,1.35738,2.65884,-2.46353,6.33545,10.1541,14.175,15.6352,16.6848,-0.936917,-0.26823,1.21561,0,0
57.8,0.368064,15.0422,15.4243,2.97001,2.39149,-2.71628,5.65382,10.0741,15.4103,18.3944,15.4031,-0.923029,-0.285841,1.21739,0,0
57.9,-0.411006,14.247,15.6739,1.71465,2.25601,-2.61677,6.30275,9.69325,13.836,17.3886,15.6352,-0.940514,-0.247899,1.26162,0,0
58,0.994328,14.4969,15.4723,3.44969,2.35182,-2.44053,6.22929,10.2862,15.4913,18.922,16.4267,-0.95474,-0.265477,1.13708,0,0
58.1,-0.535366,14.9907,18.8554,4.04075,2.62233,-2.42833,6.67463,10.0351,14.4553,22.8961,16.9037,-0.949651,-0.252332,1.33719,0,0
58.2,-0.353895,16.7669,18.6745,4.28946,2.87356,-2.52947,5.39573,10.1328,16.413,22.9639,15.8726,-0.873106,-0.304204,1.416,0,0
58.3,-0.157166,17.998,17.9543,2.64544,2.96783,-2.67748,5.15409,10.2889,17.8408,20.5997,15.7333,-0.871276,-0.323404,1.50318,0,0
58.4,0.359127,14.2864,15.4802,3.04511,1.98266,-3.05535,6.47921,10.1406,14.6455,18.5253,15.5471,-1.01732,-0.260981,1.17387,0,0
58.5,0.409481,14.0466,18.3851,6.55877,2.58179,-1.8971,6.31986,10.0566,14.4561,24.9439,17.0612,-0.902279,-0.24647,1.13892,0,0
58.6,0.523812,14.7076,18.7583,6.13131,2.47748,-2.10168,6.4173,10.3682,15.2314,24.8896,17.1613,-0.94356,-0.255903,1.19438,0,0
58.7,-0.119128,11.4592,16.4187,4.92859,2.33994,-1.99563,6.76738,9.11146,11.3401,21.3473,16.2231,-0.893236,-0.200389,1.01046,0,0
58.8,0.65482,15.8806,15.8521,2.71312,2.5844,-2.86375,6.94896,11.3007,16.5354,18.5653,17.9703,-1.06542,-0.293995,1.26965,0,0
58.9,-0.138746,15.2837,17.5436,5.90755,3.02887,-2.14855,5.5554,10.43,15.145,23.4511,16.8658,-0.868544,-0.301562,1.23587,0,0
59,0.913892,15.4562,18.4826,6.4136,2.63694,-1.61449,5.02548,9.56159,16.3701,24.8962,15.6095,-0.779966,-0.263626,1.19825,0,0
59.1,0.103651,19.0134,19.7715,4.01764,3.35029,-2.96129,5.22679,10.9394,19.1171,23.7891,16.5551,-0.907186,-0.360724,1.55993,0,0
59.2,0.487082,15.3875,16.083,3.06527,2.50211,-2.10484,5.27758,9.27996,15.8746,19.1483,14.9548,-0.814215,-0.25828,1.24731,0,0
59.3,-0.111498,16.5679,16.3204,1.42735,3.0608,-2.90484,5.7021,10.4418,16.4564,17.7477,16.2999,-0.919307,-0.32116,1.40585,0,0
59.4,0.722068,14.6146,16.3377,4.14647,2.60184,-1.96522,5.63365,9.68148,15.3367,20.4842,15.9518,-0.844015,-0.258447,1.16456,0,0
59.5,-0.185612,14.3108,20.11,7.46471,2.99377,-1.83759,6.26711,9.88933,14.1252,27.5747,17.3126,-0.862515,-0.253608,1.2129,0,0
59.6,-0.709643,15.4922,16.9714,3.01307,3.07868,-2.35062,4.79889,8.88127,14.7826,19.9844,14.4082,-0.744746,-0.28535,1.35036,0,0
59.7,-0.431715,16.2155,18.7818,3.33197,2.8244,-2.94952,6.98329,10.8409,15.7838,22.1138,17.6991,-1.03209,-0.288947,1.42071,0,0
59.8,-1.00359,16.2939,20.5643,5.37643,3.01012,-2.35977,6.13087,10.3857,15.2903,25.9407,17.1669,-0.912306,-0.288741,1.45024,0,0
59.9,-0.203705,18.1453,19.025,3.06048,3.3105,-2.26059,5.58352,10.4159,17.9416,22.0855,17.0493,-0.859595,-0.312103,1.534,0,0
60,0.0563485,11.0092,15.03,4.1432,2.46266,-1.71836,5.81098,8.24127,11.0656,19.1732,14.7966,-0.765207,-0.198339,0.956394,0,0